-- MySQL dump 10.13  Distrib 5.7.12, for Win32 (AMD64)
--
-- Host: 127.0.0.1    Database: fixed_assets
-- ------------------------------------------------------
-- Server version	5.7.17-log

/*!40101 SET @OLD_CHARACTER_SET_CLIENT=@@CHARACTER_SET_CLIENT */;
/*!40101 SET @OLD_CHARACTER_SET_RESULTS=@@CHARACTER_SET_RESULTS */;
/*!40101 SET @OLD_COLLATION_CONNECTION=@@COLLATION_CONNECTION */;
/*!40101 SET NAMES utf8 */;
/*!40103 SET @OLD_TIME_ZONE=@@TIME_ZONE */;
/*!40103 SET TIME_ZONE='+00:00' */;
/*!40014 SET @OLD_UNIQUE_CHECKS=@@UNIQUE_CHECKS, UNIQUE_CHECKS=0 */;
/*!40014 SET @OLD_FOREIGN_KEY_CHECKS=@@FOREIGN_KEY_CHECKS, FOREIGN_KEY_CHECKS=0 */;
/*!40101 SET @OLD_SQL_MODE=@@SQL_MODE, SQL_MODE='NO_AUTO_VALUE_ON_ZERO' */;
/*!40111 SET @OLD_SQL_NOTES=@@SQL_NOTES, SQL_NOTES=0 */;

--
-- Table structure for table `auditlog_logentry`
--

DROP TABLE IF EXISTS `auditlog_logentry`;
/*!40101 SET @saved_cs_client     = @@character_set_client */;
/*!40101 SET character_set_client = utf8 */;
CREATE TABLE `auditlog_logentry` (
  `id` int(11) NOT NULL AUTO_INCREMENT,
  `object_pk` varchar(255) COLLATE utf8_unicode_ci NOT NULL,
  `object_id` bigint(20) DEFAULT NULL,
  `object_repr` longtext COLLATE utf8_unicode_ci NOT NULL,
  `action` smallint(5) NOT NULL,
  `changes` longtext COLLATE utf8_unicode_ci NOT NULL,
  `timestamp` datetime(6) NOT NULL,
  `actor_id` int(11) DEFAULT NULL,
  `content_type_id` int(11) NOT NULL,
  `remote_addr` char(39) COLLATE utf8_unicode_ci,
  `additional_data` longtext COLLATE utf8_unicode_ci,
  PRIMARY KEY (`id`),
  KEY `auditlog_logentry_actor_id_959271d2_fk_auth_user_id` (`actor_id`),
  KEY `auditlog_loge_content_type_id_75830218_fk_django_content_type_id` (`content_type_id`),
  KEY `auditlog_logentry_af31437c` (`object_id`),
  KEY `auditlog_logentry_object_pk_6e3219c0_uniq` (`object_pk`),
  KEY `action_idx` (`action`),
  CONSTRAINT `action` FOREIGN KEY (`action`) REFERENCES `user_action` (`action_id`) ON DELETE NO ACTION ON UPDATE NO ACTION,
  CONSTRAINT `auditlog_loge_content_type_id_75830218_fk_django_content_type_id` FOREIGN KEY (`content_type_id`) REFERENCES `django_content_type` (`id`),
  CONSTRAINT `auditlog_logentry_actor_id_959271d2_fk_auth_user_id` FOREIGN KEY (`actor_id`) REFERENCES `auth_user` (`id`)
) ENGINE=InnoDB AUTO_INCREMENT=103 DEFAULT CHARSET=utf8 COLLATE=utf8_unicode_ci;
/*!40101 SET character_set_client = @saved_cs_client */;

--
-- Dumping data for table `auditlog_logentry`
--

LOCK TABLES `auditlog_logentry` WRITE;
/*!40000 ALTER TABLE `auditlog_logentry` DISABLE KEYS */;
INSERT INTO `auditlog_logentry` VALUES (33,'z9999',NULL,'Itdevice object',0,'{\"user_name\": [\"None\", \"aaa\"], \"material\": [\"None\", \"Material object\"], \"pur_date\": [\"None\", \"2017-02-01\"], \"dept\": [\"None\", \"Dept object\"], \"device_id\": [\"None\", \"z9999\"]}','2017-02-14 14:10:03.587000',1,15,'127.0.0.1',NULL),(34,'z000000',NULL,'Itdevice object',1,'{\"user_name\": [\"fadaf\", \"\"]}','2017-02-14 14:12:07.720000',1,15,'127.0.0.1',NULL),(35,'dvtest',NULL,'Itdevice object',2,'{\"user_name\": [\"faegc\", \"None\"], \"material\": [\"Material object\", \"None\"], \"pur_date\": [\"2017-02-08\", \"None\"], \"dept\": [\"Dept object\", \"None\"], \"device_id\": [\"dvtest\", \"None\"]}','2017-02-14 14:12:36.601000',1,15,'127.0.0.1',NULL),(36,'z000000',NULL,'Itdevice object',1,'{\"user_name\": [\"\", \"444\"]}','2017-02-14 14:13:52.907000',1,15,'127.0.0.1',NULL),(37,'z000000',NULL,'Itdevice object',2,'{\"user_name\": [\"444\", \"None\"], \"material\": [\"Material object\", \"None\"], \"pur_date\": [\"2017-02-09\", \"None\"], \"dept\": [\"Dept object\", \"None\"], \"device_id\": [\"z000000\", \"None\"]}','2017-02-14 14:14:17.988000',1,15,'127.0.0.1',NULL),(38,'22',NULL,'Itdevice object',1,'{\"pur_date\": [\"2017-02-01\", \"2017-02-15\"]}','2017-02-14 14:16:03.619000',2,15,'127.0.0.1',NULL),(39,'eaw',NULL,'Itdevice object',1,'{\"user_name\": [\"fae\", \"fae534\"]}','2017-02-14 14:21:14.270000',2,15,'127.0.0.1',NULL),(40,'maid',NULL,'Material object',0,'{\"materialname\": [\"None\", \"maname\"], \"type\": [\"None\", \"Type object\"], \"material_id\": [\"None\", \"maid\"]}','2017-02-14 14:43:26.726000',2,16,'127.0.0.1',NULL),(41,'3333',NULL,'Itdevice object',0,'{\"user_name\": [\"None\", \"faddvc\"], \"material\": [\"None\", \"Material object\"], \"pur_date\": [\"None\", \"2017-02-15\"], \"dept\": [\"None\", \"Dept object\"], \"device_id\": [\"None\", \"3333\"]}','2017-02-15 00:35:16.349000',1,15,'127.0.0.1',NULL),(42,'a',NULL,'Itdevice object',0,'{\"user_name\": [\"None\", \"faxfc\"], \"material\": [\"None\", \"Material object\"], \"pur_date\": [\"None\", \"2017-02-10\"], \"dept\": [\"None\", \"Dept object\"], \"device_id\": [\"None\", \"a\"]}','2017-02-15 00:42:54.178000',1,15,'127.0.0.1',NULL),(43,'555',NULL,'Itdevice object',0,'{\"user_name\": [\"None\", \"fdfc\"], \"material\": [\"None\", \"Material object\"], \"pur_date\": [\"None\", \"2017-02-08\"], \"dept\": [\"None\", \"Dept object\"], \"device_id\": [\"None\", \"555\"]}','2017-02-15 00:44:25.615000',1,15,'127.0.0.1',NULL),(44,'666',NULL,'Itdevice object',0,'{\"user_name\": [\"None\", \"gsf\"], \"material\": [\"None\", \"Material object\"], \"pur_date\": [\"None\", \"2017-02-09\"], \"dept\": [\"None\", \"Dept object\"], \"device_id\": [\"None\", \"666\"]}','2017-02-15 02:28:26.139000',1,15,'127.0.0.1',NULL),(45,'777',NULL,'Itdevice object',0,'{\"user_name\": [\"None\", \"fad\"], \"material\": [\"None\", \"Material object\"], \"pur_date\": [\"None\", \"2017-02-01\"], \"dept\": [\"None\", \"Dept object\"], \"device_id\": [\"None\", \"777\"]}','2017-02-15 02:29:53.800000',1,15,'127.0.0.1',NULL),(46,'999999',NULL,'Itdevice object',0,'{\"dept\": [\"None\", \"Admin\"], \"material\": [\"None\", \"fafd\"], \"pur_date\": [\"None\", \"2017-02-16\"], \"user_name\": [\"None\", \"hdghgf\"], \"device_id\": [\"None\", \"999999\"]}','2017-02-15 03:45:30.567000',1,15,'127.0.0.1',NULL),(47,'00000000',NULL,'Itdevice object',0,'{\"dept\": [\"None\", \"Admin\"], \"material\": [\"None\", \"fafd\"], \"pur_date\": [\"None\", \"2017-02-02\"], \"user_name\": [\"None\", \"hdg\"], \"device_id\": [\"None\", \"00000000\"]}','2017-02-15 03:47:05.993000',1,15,'127.0.0.1',NULL),(48,'2121',NULL,'Itdevice object',0,'{\"user_name\": [\"None\", \"fafda\"], \"material\": [\"None\", \"test name\"], \"pur_date\": [\"None\", \"2017-02-16\"], \"dept\": [\"None\", \"Admin\"], \"device_id\": [\"None\", \"2121\"]}','2017-02-15 03:49:08.834000',1,15,'127.0.0.1',NULL),(49,'33222',NULL,'Itdevice object',0,'{\"user_name\": [\"None\", \"faxc\"], \"material\": [\"None\", \"ACER TRAVELMATE TM4740 CORE I3-380M NOTEBOOK\"], \"pur_date\": [\"None\", \"2017-02-15\"], \"dept\": [\"None\", \"E6\"], \"device_id\": [\"None\", \"33222\"]}','2017-02-15 03:51:00.262000',1,15,'127.0.0.1',NULL),(50,'53341',NULL,'Itdevice object',0,'{\"user_name\": [\"None\", \"old\"], \"material\": [\"None\", \"LAPTOP ACER 4755G\"], \"pur_date\": [\"None\", \"2017-02-02\"], \"dept\": [\"None\", \"E2\"], \"device_id\": [\"None\", \"53341\"]}','2017-02-15 03:54:37.470000',1,15,'127.0.0.1',NULL),(51,'2121',NULL,'Itdevice object',2,'{\"user_name\": [\"fafda\", \"None\"], \"material\": [\"test name\", \"None\"], \"pur_date\": [\"2017-02-16\", \"None\"], \"dept\": [\"Admin\", \"None\"], \"device_id\": [\"2121\", \"None\"]}','2017-02-15 04:10:29.311000',1,15,'127.0.0.1',NULL),(52,'53341',NULL,'Itdevice object',1,'{\"material\": [\"LAPTOP ACER 4755G\", \"INTEL Core I3-2100(3.1GHZ)-3M,P8H67-V,2*4G,2TB(Sata)\"], \"user_name\": [\"old\", \"\"]}','2017-02-15 04:10:46.523000',1,15,'127.0.0.1',NULL),(53,'53341',NULL,'Itdevice object',1,'{\"user_name\": [\"\", \"old\"]}','2017-02-15 04:11:44.247000',1,15,'127.0.0.1',NULL),(54,'53341',NULL,'Itdevice object',1,'{\"user_name\": [\"old\", \"new\"]}','2017-02-15 04:12:10.826000',1,15,'127.0.0.1',NULL),(55,'53341',NULL,'Itdevice object',2,'{\"user_name\": [\"new\", \"None\"], \"material\": [\"INTEL Core I3-2100(3.1GHZ)-3M,P8H67-V,2*4G,2TB(Sata)\", \"None\"], \"pur_date\": [\"2017-02-02\", \"None\"], \"dept\": [\"E2\", \"None\"], \"device_id\": [\"53341\", \"None\"]}','2017-02-15 04:12:30.840000',1,15,'127.0.0.1',NULL),(56,'22',NULL,'Itdevice object',1,'{\"dept\": [\"Admin\", \"F1\"]}','2017-02-15 04:17:12.043000',2,15,'127.0.0.1',NULL),(57,'00000000',NULL,'Itdevice object',2,'{\"user_name\": [\"hdg\", \"None\"], \"material\": [\"fafd\", \"None\"], \"pur_date\": [\"2017-02-02\", \"None\"], \"dept\": [\"Admin\", \"None\"], \"device_id\": [\"00000000\", \"None\"]}','2017-02-15 04:27:52.440000',2,15,'127.0.0.1',NULL),(58,'22',NULL,'Itdevice object',2,'{\"user_name\": [\"efaf\", \"None\"], \"material\": [\"fafd\", \"None\"], \"pur_date\": [\"2017-02-15\", \"None\"], \"dept\": [\"F1\", \"None\"], \"device_id\": [\"22\", \"None\"]}','2017-02-15 04:27:57.497000',2,15,'127.0.0.1',NULL),(59,'23',NULL,'Itdevice object',2,'{\"user_name\": [\"refd\", \"None\"], \"material\": [\"test 2\", \"None\"], \"pur_date\": [\"2017-02-08\", \"None\"], \"dept\": [\"DV-G\", \"None\"], \"device_id\": [\"23\", \"None\"]}','2017-02-15 04:28:14.159000',2,15,'127.0.0.1',NULL),(60,'33222',NULL,'Itdevice object',2,'{\"user_name\": [\"faxc\", \"None\"], \"material\": [\"ACER TRAVELMATE TM4740 CORE I3-380M NOTEBOOK\", \"None\"], \"pur_date\": [\"2017-02-15\", \"None\"], \"dept\": [\"E6\", \"None\"], \"device_id\": [\"33222\", \"None\"]}','2017-02-15 04:28:20.192000',2,15,'127.0.0.1',NULL),(61,'3333',NULL,'Itdevice object',2,'{\"user_name\": [\"faddvc\", \"None\"], \"material\": [\"ACER TRAVELMATE TM4740 CORE I3-380M NOTEBOOK\", \"None\"], \"pur_date\": [\"2017-02-15\", \"None\"], \"dept\": [\"DV-G\", \"None\"], \"device_id\": [\"3333\", \"None\"]}','2017-02-15 04:28:26.830000',2,15,'127.0.0.1',NULL),(62,'655434',NULL,'Itdevice object',0,'{\"user_name\": [\"None\", \"fad\"], \"material\": [\"None\", \"atdf\"], \"pur_date\": [\"None\", \"2017-02-07\"], \"dept\": [\"None\", \"E1\"], \"device_id\": [\"None\", \"655434\"]}','2017-02-15 16:26:26.649000',2,15,'127.0.0.1',NULL),(63,'z1234564679',NULL,'Itdevice object',0,'{\"user_name\": [\"None\", \"test\"], \"material\": [\"None\", \"Win Pro 7 SP1 32-bit English pk DSP OEI DVD(FQC-04696)\"], \"pur_date\": [\"None\", \"2017-02-08\"], \"dept\": [\"None\", \"Costing\"], \"device_id\": [\"None\", \"z1234564679\"]}','2017-02-16 02:57:48.416000',2,15,'127.0.0.1',NULL),(64,'555',NULL,'Itdevice object',1,'{\"material\": [\"atdf\", \"ACER TRAVELMATE TM4740 CORE I3-380M NOTEBOOK\"], \"user_name\": [\"fdfc\", \"new\"]}','2017-02-16 02:59:33.877000',2,15,'127.0.0.1',NULL),(65,'666',NULL,'Itdevice object',2,'{\"user_name\": [\"gsf\", \"None\"], \"material\": [\"fafd22\", \"None\"], \"pur_date\": [\"2017-02-09\", \"None\"], \"dept\": [\"Admin\", \"None\"], \"device_id\": [\"666\", \"None\"]}','2017-02-18 13:37:10.016000',2,15,'127.0.0.1',NULL),(66,'88888',NULL,'Itdevice object',2,'{\"user_name\": [\"fdc\", \"None\"], \"material\": [\"fafd22\", \"None\"], \"pur_date\": [\"2017-02-08\", \"None\"], \"dept\": [\"Admin\", \"None\"], \"device_id\": [\"88888\", \"None\"]}','2017-02-18 13:37:22.074000',2,15,'127.0.0.1',NULL),(67,'z222',NULL,'Itdevice object',0,'{\"user_name\": [\"None\", \"efafd\"], \"material\": [\"None\", \"test\"], \"pur_date\": [\"None\", \"2017-02-08\"], \"dept\": [\"None\", \"Admin\"], \"device_id\": [\"None\", \"z222\"]}','2017-02-18 13:49:11.442000',2,15,'127.0.0.1',NULL),(68,'z0000',NULL,'Itdevice object',0,'{\"user_name\": [\"None\", \"hgfhfg\"], \"material\": [\"None\", \"test\"], \"pur_date\": [\"None\", \"2017-02-08\"], \"dept\": [\"None\", \"Costing\"], \"device_id\": [\"None\", \"z0000\"]}','2017-02-18 13:50:09.512000',2,15,'127.0.0.1',NULL),(69,'777',NULL,'Itdevice object',1,'{\"material\": [\"Thi c\\u00f4ng h\\u1ec7 th\\u1ed1ng m\\u00e1y ch\\u1ee7,\\u0111i\\u1ec7n tho\\u1ea1i\", \"test\"]}','2017-02-18 13:53:00.601000',2,15,'127.0.0.1',NULL),(71,'777',NULL,'Itdevice object',2,'{\"user_name\": [\"fad\", \"None\"], \"material\": [\"test\", \"None\"], \"pur_date\": [\"2017-02-01\", \"None\"], \"dept\": [\"Admin\", \"None\"], \"device_id\": [\"777\", \"None\"]}','2017-02-20 02:06:39.340000',2,15,'127.0.0.1',NULL),(72,'z0000',NULL,'Itdevice object',2,'{\"user_name\": [\"hgfhfg\", \"None\"], \"material\": [\"test\", \"None\"], \"pur_date\": [\"2017-02-08\", \"None\"], \"dept\": [\"Costing\", \"None\"], \"device_id\": [\"z0000\", \"None\"]}','2017-02-20 02:08:09.522000',2,15,'127.0.0.1',NULL),(73,'z222',NULL,'Itdevice object',2,'{\"user_name\": [\"efafd\", \"None\"], \"material\": [\"test\", \"None\"], \"pur_date\": [\"2017-02-08\", \"None\"], \"dept\": [\"Admin\", \"None\"], \"device_id\": [\"z222\", \"None\"]}','2017-02-20 02:08:42.855000',2,15,'127.0.0.1',NULL),(76,'z9999',NULL,'Itdevice object',2,'{\"user_name\": [\"aaa\", \"None\"], \"material\": [\"ACER AS4750-2312G50Mnkk CORE I3-2310M NOTEBOOK\", \"None\"], \"pur_date\": [\"2017-02-01\", \"None\"], \"dept\": [\"DV-C\", \"None\"], \"device_id\": [\"z9999\", \"None\"]}','2017-02-20 04:23:47.756000',2,15,'127.0.0.1',NULL),(77,'te',NULL,'test',0,'{\"materialname\": [\"None\", \"test\"], \"type\": [\"None\", \"Camera\"], \"material_id\": [\"None\", \"te\"]}','2017-02-20 09:07:08.158000',2,16,'127.0.0.1',NULL),(78,'te',NULL,'test',2,'{\"materialname\": [\"test\", \"None\"], \"type\": [\"Camera\", \"None\"], \"material_id\": [\"te\", \"None\"]}','2017-02-20 09:09:40.740000',2,16,'127.0.0.1',NULL),(79,'aaaa',NULL,'Itdevice object',0,'{\"user_name\": [\"None\", \"test\"], \"material\": [\"None\", \"ACER TRAVELMATE TM4740 CORE I3-380M NOTEBOOK\"], \"pur_date\": [\"None\", \"2017-02-02\"], \"dept\": [\"None\", \"Admin\"], \"device_id\": [\"None\", \"aaaa\"]}','2017-02-20 09:20:08.832000',2,15,'127.0.0.1',NULL),(80,'aaaa',NULL,'Itdevice object',2,'{\"user_name\": [\"test\", \"None\"], \"material\": [\"ACER TRAVELMATE TM4740 CORE I3-380M NOTEBOOK\", \"None\"], \"pur_date\": [\"2017-02-02\", \"None\"], \"dept\": [\"Admin\", \"None\"], \"device_id\": [\"aaaa\", \"None\"]}','2017-02-20 09:20:34.676000',2,15,'127.0.0.1',NULL),(83,'z888',NULL,'Itdevice object',0,'{\"dept\": [\"None\", \"Dept object\"], \"material\": [\"None\", \"Material object\"], \"pur_date\": [\"None\", \"2017-02-01\"], \"device_id\": [\"None\", \"z888\"], \"user_name\": [\"None\", \"eaer\"]}','2017-02-23 13:37:11.970000',2,15,'127.0.0.1',NULL),(84,'TS',NULL,'Dept object',0,'{\"dept_id\": [\"None\", \"TS\"], \"manager\": [\"None\", \"MA\"], \"dept_parent\": [\"None\", \"\"], \"deptname\": [\"None\", \"TEST\"]}','2017-02-25 04:36:07.698000',2,7,'127.0.0.1',NULL),(85,'OO',NULL,'Dept object',2,'{\"dept_id\": [\"OO\", \"None\"], \"manager\": [\"TEST MANA\", \"None\"], \"dept_parent\": [\"\", \"None\"], \"deptname\": [\"TEST\", \"None\"]}','2017-02-25 04:36:49.494000',2,7,'127.0.0.1',NULL),(86,'TS',NULL,'Dept object',2,'{\"dept_id\": [\"TS\", \"None\"], \"manager\": [\"MA\", \"None\"], \"dept_parent\": [\"\", \"None\"], \"deptname\": [\"TEST\", \"None\"]}','2017-02-25 04:37:04.274000',2,7,'127.0.0.1',NULL),(89,'TE',NULL,'Dept object',0,'{\"dept_id\": [\"None\", \"TE\"], \"manager\": [\"None\", \"\"], \"dept_parent\": [\"None\", \"\"], \"deptname\": [\"None\", \"TEST\"]}','2017-02-25 08:07:40.208000',2,7,'127.0.0.1',NULL),(90,'TE',NULL,'Dept object',2,'{\"dept_id\": [\"TE\", \"None\"], \"manager\": [\"\", \"None\"], \"dept_parent\": [\"\", \"None\"], \"deptname\": [\"TEST\", \"None\"]}','2017-02-25 08:07:53.504000',2,7,'127.0.0.1',NULL),(91,'aa',NULL,'Itdevice object',0,'{\"dept\": [\"None\", \"Dept object\"], \"material\": [\"None\", \"Material object\"], \"user_name\": [\"None\", \"\"], \"device_id\": [\"None\", \"aa\"]}','2017-02-25 12:37:42.647000',2,15,'127.0.0.1',NULL),(93,'z1234564679',NULL,'Itdevice object',2,'{\"dept\": [\"Dept object\", \"None\"], \"material\": [\"Material object\", \"None\"], \"pur_date\": [\"2017-02-08\", \"None\"], \"device_id\": [\"z1234564679\", \"None\"], \"user_name\": [\"test\", \"None\"]}','2017-02-26 03:53:46.409000',2,15,'127.0.0.1',NULL),(95,'te',NULL,'Type object',0,'{\"typename\": [\"None\", \"\"], \"type_id\": [\"None\", \"te\"]}','2017-02-26 06:36:46.813000',2,14,'127.0.0.1',NULL),(96,'te',NULL,'Type object',2,'{\"typename\": [\"\", \"None\"], \"type_id\": [\"te\", \"None\"]}','2017-02-26 12:31:29.132000',2,14,'127.0.0.1',NULL),(97,'z888',NULL,'Itdevice object',2,'{\"dept\": [\"Dept object\", \"None\"], \"material\": [\"Material object\", \"None\"], \"pur_date\": [\"2017-02-01\", \"None\"], \"device_id\": [\"z888\", \"None\"], \"user_name\": [\"eaer\", \"None\"]}','2017-02-26 12:33:10.787000',1,15,'127.0.0.1',NULL),(101,'aaa',NULL,'Itdevice object',0,'{\"dept\": [\"None\", \"Dept object\"], \"material\": [\"None\", \"Material object\"], \"pur_date\": [\"None\", \"2017-02-01\"], \"device_id\": [\"None\", \"aaa\"], \"user_name\": [\"None\", \"dsf\"]}','2017-02-28 02:00:52.507000',1,15,'127.0.0.1',NULL),(102,'aaa',NULL,'Itdevice object',2,'{\"dept\": [\"Dept object\", \"None\"], \"material\": [\"Material object\", \"None\"], \"pur_date\": [\"2017-02-01\", \"None\"], \"device_id\": [\"aaa\", \"None\"], \"user_name\": [\"dsf\", \"None\"]}','2017-02-28 02:03:15.316000',1,15,'127.0.0.1',NULL);
/*!40000 ALTER TABLE `auditlog_logentry` ENABLE KEYS */;
UNLOCK TABLES;

--
-- Table structure for table `auth_group`
--

DROP TABLE IF EXISTS `auth_group`;
/*!40101 SET @saved_cs_client     = @@character_set_client */;
/*!40101 SET character_set_client = utf8 */;
CREATE TABLE `auth_group` (
  `id` int(11) NOT NULL AUTO_INCREMENT,
  `name` varchar(80) COLLATE utf8_unicode_ci NOT NULL,
  PRIMARY KEY (`id`),
  UNIQUE KEY `name` (`name`)
) ENGINE=InnoDB AUTO_INCREMENT=2 DEFAULT CHARSET=utf8 COLLATE=utf8_unicode_ci;
/*!40101 SET character_set_client = @saved_cs_client */;

--
-- Dumping data for table `auth_group`
--

LOCK TABLES `auth_group` WRITE;
/*!40000 ALTER TABLE `auth_group` DISABLE KEYS */;
INSERT INTO `auth_group` VALUES (1,'user');
/*!40000 ALTER TABLE `auth_group` ENABLE KEYS */;
UNLOCK TABLES;

--
-- Table structure for table `auth_group_permissions`
--

DROP TABLE IF EXISTS `auth_group_permissions`;
/*!40101 SET @saved_cs_client     = @@character_set_client */;
/*!40101 SET character_set_client = utf8 */;
CREATE TABLE `auth_group_permissions` (
  `id` int(11) NOT NULL AUTO_INCREMENT,
  `group_id` int(11) NOT NULL,
  `permission_id` int(11) NOT NULL,
  PRIMARY KEY (`id`),
  UNIQUE KEY `auth_group_permissions_group_id_0cd325b0_uniq` (`group_id`,`permission_id`),
  KEY `auth_group_permissi_permission_id_84c5c92e_fk_auth_permission_id` (`permission_id`),
  CONSTRAINT `auth_group_permissi_permission_id_84c5c92e_fk_auth_permission_id` FOREIGN KEY (`permission_id`) REFERENCES `auth_permission` (`id`),
  CONSTRAINT `auth_group_permissions_group_id_b120cbf9_fk_auth_group_id` FOREIGN KEY (`group_id`) REFERENCES `auth_group` (`id`)
) ENGINE=InnoDB AUTO_INCREMENT=16 DEFAULT CHARSET=utf8 COLLATE=utf8_unicode_ci;
/*!40101 SET character_set_client = @saved_cs_client */;

--
-- Dumping data for table `auth_group_permissions`
--

LOCK TABLES `auth_group_permissions` WRITE;
/*!40000 ALTER TABLE `auth_group_permissions` DISABLE KEYS */;
INSERT INTO `auth_group_permissions` VALUES (10,1,19),(11,1,20),(12,1,21),(13,1,22),(14,1,23),(15,1,24),(1,1,40),(2,1,41),(3,1,42),(4,1,43),(5,1,44),(6,1,45),(7,1,46),(8,1,47),(9,1,48);
/*!40000 ALTER TABLE `auth_group_permissions` ENABLE KEYS */;
UNLOCK TABLES;

--
-- Table structure for table `auth_permission`
--

DROP TABLE IF EXISTS `auth_permission`;
/*!40101 SET @saved_cs_client     = @@character_set_client */;
/*!40101 SET character_set_client = utf8 */;
CREATE TABLE `auth_permission` (
  `id` int(11) NOT NULL AUTO_INCREMENT,
  `name` varchar(255) COLLATE utf8_unicode_ci NOT NULL,
  `content_type_id` int(11) NOT NULL,
  `codename` varchar(100) COLLATE utf8_unicode_ci NOT NULL,
  PRIMARY KEY (`id`),
  UNIQUE KEY `auth_permission_content_type_id_01ab375a_uniq` (`content_type_id`,`codename`),
  CONSTRAINT `auth_permissi_content_type_id_2f476e4b_fk_django_content_type_id` FOREIGN KEY (`content_type_id`) REFERENCES `django_content_type` (`id`)
) ENGINE=InnoDB AUTO_INCREMENT=76 DEFAULT CHARSET=utf8 COLLATE=utf8_unicode_ci;
/*!40101 SET character_set_client = @saved_cs_client */;

--
-- Dumping data for table `auth_permission`
--

LOCK TABLES `auth_permission` WRITE;
/*!40000 ALTER TABLE `auth_permission` DISABLE KEYS */;
INSERT INTO `auth_permission` VALUES (1,'Can add auth group',1,'add_authgroup'),(2,'Can change auth group',1,'change_authgroup'),(3,'Can delete auth group',1,'delete_authgroup'),(4,'Can add auth group permissions',2,'add_authgrouppermissions'),(5,'Can change auth group permissions',2,'change_authgrouppermissions'),(6,'Can delete auth group permissions',2,'delete_authgrouppermissions'),(7,'Can add auth permission',3,'add_authpermission'),(8,'Can change auth permission',3,'change_authpermission'),(9,'Can delete auth permission',3,'delete_authpermission'),(10,'Can add auth user',4,'add_authuser'),(11,'Can change auth user',4,'change_authuser'),(12,'Can delete auth user',4,'delete_authuser'),(13,'Can add auth user groups',5,'add_authusergroups'),(14,'Can change auth user groups',5,'change_authusergroups'),(15,'Can delete auth user groups',5,'delete_authusergroups'),(16,'Can add auth user user permissions',6,'add_authuseruserpermissions'),(17,'Can change auth user user permissions',6,'change_authuseruserpermissions'),(18,'Can delete auth user user permissions',6,'delete_authuseruserpermissions'),(19,'Can add dept',7,'add_dept'),(20,'Can change dept',7,'change_dept'),(21,'Can delete dept',7,'delete_dept'),(22,'Can add device',8,'add_device'),(23,'Can change device',8,'change_device'),(24,'Can delete device',8,'delete_device'),(25,'Can add django admin log',9,'add_djangoadminlog'),(26,'Can change django admin log',9,'change_djangoadminlog'),(27,'Can delete django admin log',9,'delete_djangoadminlog'),(28,'Can add django content type',10,'add_djangocontenttype'),(29,'Can change django content type',10,'change_djangocontenttype'),(30,'Can delete django content type',10,'delete_djangocontenttype'),(31,'Can add django migrations',11,'add_djangomigrations'),(32,'Can change django migrations',11,'change_djangomigrations'),(33,'Can delete django migrations',11,'delete_djangomigrations'),(34,'Can add django session',12,'add_djangosession'),(35,'Can change django session',12,'change_djangosession'),(36,'Can delete django session',12,'delete_djangosession'),(37,'Can add pc',13,'add_pc'),(38,'Can change pc',13,'change_pc'),(39,'Can delete pc',13,'delete_pc'),(40,'Can add type',14,'add_type'),(41,'Can change type',14,'change_type'),(42,'Can delete type',14,'delete_type'),(43,'Can add itdevice',15,'add_itdevice'),(44,'Can change itdevice',15,'change_itdevice'),(45,'Can delete itdevice',15,'delete_itdevice'),(46,'Can add material',16,'add_material'),(47,'Can change material',16,'change_material'),(48,'Can delete material',16,'delete_material'),(49,'Can add log entry',17,'add_logentry'),(50,'Can change log entry',17,'change_logentry'),(51,'Can delete log entry',17,'delete_logentry'),(52,'Can add permission',18,'add_permission'),(53,'Can change permission',18,'change_permission'),(54,'Can delete permission',18,'delete_permission'),(55,'Can add user',19,'add_user'),(56,'Can change user',19,'change_user'),(57,'Can delete user',19,'delete_user'),(58,'Can add group',20,'add_group'),(59,'Can change group',20,'change_group'),(60,'Can delete group',20,'delete_group'),(61,'Can add content type',21,'add_contenttype'),(62,'Can change content type',21,'change_contenttype'),(63,'Can delete content type',21,'delete_contenttype'),(64,'Can add session',22,'add_session'),(65,'Can change session',22,'change_session'),(66,'Can delete session',22,'delete_session'),(67,'Can add log entry',23,'add_logentry'),(68,'Can change log entry',23,'change_logentry'),(69,'Can delete log entry',23,'delete_logentry'),(70,'Can add auditlog logentry',24,'add_auditloglogentry'),(71,'Can change auditlog logentry',24,'change_auditloglogentry'),(72,'Can delete auditlog logentry',24,'delete_auditloglogentry'),(73,'Can add user action',25,'add_useraction'),(74,'Can change user action',25,'change_useraction'),(75,'Can delete user action',25,'delete_useraction');
/*!40000 ALTER TABLE `auth_permission` ENABLE KEYS */;
UNLOCK TABLES;

--
-- Table structure for table `auth_user`
--

DROP TABLE IF EXISTS `auth_user`;
/*!40101 SET @saved_cs_client     = @@character_set_client */;
/*!40101 SET character_set_client = utf8 */;
CREATE TABLE `auth_user` (
  `id` int(11) NOT NULL AUTO_INCREMENT,
  `password` varchar(128) COLLATE utf8_unicode_ci NOT NULL,
  `last_login` datetime(6) DEFAULT NULL,
  `is_superuser` tinyint(1) NOT NULL,
  `username` varchar(150) COLLATE utf8_unicode_ci NOT NULL,
  `first_name` varchar(30) COLLATE utf8_unicode_ci NOT NULL,
  `last_name` varchar(30) COLLATE utf8_unicode_ci NOT NULL,
  `email` varchar(254) COLLATE utf8_unicode_ci NOT NULL,
  `is_staff` tinyint(1) NOT NULL,
  `is_active` tinyint(1) NOT NULL,
  `date_joined` datetime(6) NOT NULL,
  PRIMARY KEY (`id`),
  UNIQUE KEY `username` (`username`)
) ENGINE=InnoDB AUTO_INCREMENT=3 DEFAULT CHARSET=utf8 COLLATE=utf8_unicode_ci;
/*!40101 SET character_set_client = @saved_cs_client */;

--
-- Dumping data for table `auth_user`
--

LOCK TABLES `auth_user` WRITE;
/*!40000 ALTER TABLE `auth_user` DISABLE KEYS */;
INSERT INTO `auth_user` VALUES (1,'pbkdf2_sha256$30000$rlj2nKhBFDJq$ClTKeVxTfpJQ04pyVreALAyZx1PsKkyZHKl4gZqU3zc=','2017-02-28 06:07:30.090000',1,'admin','','','',1,1,'2017-01-06 13:15:35.267000'),(2,'pbkdf2_sha256$30000$txyThgHCthhd$uWOjLI/gZgLqPVmNqR0/SPj2O0Kfb5FRe0YQQNFN1rM=','2017-02-28 04:34:28.346000',0,'Luan','','','',1,1,'2017-01-20 04:43:00.000000');
/*!40000 ALTER TABLE `auth_user` ENABLE KEYS */;
UNLOCK TABLES;

--
-- Table structure for table `auth_user_groups`
--

DROP TABLE IF EXISTS `auth_user_groups`;
/*!40101 SET @saved_cs_client     = @@character_set_client */;
/*!40101 SET character_set_client = utf8 */;
CREATE TABLE `auth_user_groups` (
  `id` int(11) NOT NULL AUTO_INCREMENT,
  `user_id` int(11) NOT NULL,
  `group_id` int(11) NOT NULL,
  PRIMARY KEY (`id`),
  UNIQUE KEY `auth_user_groups_user_id_94350c0c_uniq` (`user_id`,`group_id`),
  KEY `auth_user_groups_group_id_97559544_fk_auth_group_id` (`group_id`),
  CONSTRAINT `auth_user_groups_group_id_97559544_fk_auth_group_id` FOREIGN KEY (`group_id`) REFERENCES `auth_group` (`id`),
  CONSTRAINT `auth_user_groups_user_id_6a12ed8b_fk_auth_user_id` FOREIGN KEY (`user_id`) REFERENCES `auth_user` (`id`)
) ENGINE=InnoDB AUTO_INCREMENT=2 DEFAULT CHARSET=utf8 COLLATE=utf8_unicode_ci;
/*!40101 SET character_set_client = @saved_cs_client */;

--
-- Dumping data for table `auth_user_groups`
--

LOCK TABLES `auth_user_groups` WRITE;
/*!40000 ALTER TABLE `auth_user_groups` DISABLE KEYS */;
INSERT INTO `auth_user_groups` VALUES (1,2,1);
/*!40000 ALTER TABLE `auth_user_groups` ENABLE KEYS */;
UNLOCK TABLES;

--
-- Table structure for table `auth_user_user_permissions`
--

DROP TABLE IF EXISTS `auth_user_user_permissions`;
/*!40101 SET @saved_cs_client     = @@character_set_client */;
/*!40101 SET character_set_client = utf8 */;
CREATE TABLE `auth_user_user_permissions` (
  `id` int(11) NOT NULL AUTO_INCREMENT,
  `user_id` int(11) NOT NULL,
  `permission_id` int(11) NOT NULL,
  PRIMARY KEY (`id`),
  UNIQUE KEY `auth_user_user_permissions_user_id_14a6b632_uniq` (`user_id`,`permission_id`),
  KEY `auth_user_user_perm_permission_id_1fbb5f2c_fk_auth_permission_id` (`permission_id`),
  CONSTRAINT `auth_user_user_perm_permission_id_1fbb5f2c_fk_auth_permission_id` FOREIGN KEY (`permission_id`) REFERENCES `auth_permission` (`id`),
  CONSTRAINT `auth_user_user_permissions_user_id_a95ead1b_fk_auth_user_id` FOREIGN KEY (`user_id`) REFERENCES `auth_user` (`id`)
) ENGINE=InnoDB DEFAULT CHARSET=utf8 COLLATE=utf8_unicode_ci;
/*!40101 SET character_set_client = @saved_cs_client */;

--
-- Dumping data for table `auth_user_user_permissions`
--

LOCK TABLES `auth_user_user_permissions` WRITE;
/*!40000 ALTER TABLE `auth_user_user_permissions` DISABLE KEYS */;
/*!40000 ALTER TABLE `auth_user_user_permissions` ENABLE KEYS */;
UNLOCK TABLES;

--
-- Table structure for table `dept`
--

DROP TABLE IF EXISTS `dept`;
/*!40101 SET @saved_cs_client     = @@character_set_client */;
/*!40101 SET character_set_client = utf8 */;
CREATE TABLE `dept` (
  `dept_id` varchar(5) COLLATE utf8_unicode_ci NOT NULL,
  `dept_parent` varchar(5) CHARACTER SET utf8 DEFAULT NULL,
  `deptname` varchar(45) CHARACTER SET utf8 NOT NULL,
  `manager` varchar(45) COLLATE utf8_unicode_ci DEFAULT NULL,
  PRIMARY KEY (`dept_id`)
) ENGINE=InnoDB DEFAULT CHARSET=utf8 COLLATE=utf8_unicode_ci;
/*!40101 SET character_set_client = @saved_cs_client */;

--
-- Dumping data for table `dept`
--

LOCK TABLES `dept` WRITE;
/*!40000 ALTER TABLE `dept` DISABLE KEYS */;
INSERT INTO `dept` VALUES ('AD','','Admin','David'),('BM','','BMM','王紅波'),('CO','PCC','Costing','Keith'),('DVC','PCC','DV-C','Tara'),('DVG','PCC','DV-G','Caroline'),('E1','EF','E1','文華平'),('E2','EF','E2','XIANG LI'),('E3','EF','E3','劉冬平'),('E4','EF','E4','Xianwen.Yi'),('E5','EF','E5','王永金'),('E6','EF','E6','唐麗珍'),('EF','','E Factory',''),('F1','FF','F1','吳志遠'),('F2','FF','F2','文華平'),('F3','FF','F3','Rubber'),('F4','FF','F4','文華平'),('FF','','F Factory',''),('FI','','FI','Amy'),('GA','','GA','何志鋐'),('GMO','','GMO','Jack'),('HR','','HR','Victoria'),('IE','','IE','Jessica'),('IT','','IT','Jerry'),('MW','','MW','Tony'),('NO','','NOS','Anderson'),('PCC','','PCC','Tara'),('PCCO','PCC','PCCO','Tara'),('PL','','PL','Eric'),('POD','','PODO','Slach'),('PP','','PP','Carol'),('PU','','PU','Paula'),('QA','','QA','WU XUE MEI'),('SR','PCC','SR','Caroline'),('TA','PCC','TA','Tara'),('TB','','Trảng Bàng','Sixiu.cai');
/*!40000 ALTER TABLE `dept` ENABLE KEYS */;
UNLOCK TABLES;

--
-- Table structure for table `django_admin_log`
--

DROP TABLE IF EXISTS `django_admin_log`;
/*!40101 SET @saved_cs_client     = @@character_set_client */;
/*!40101 SET character_set_client = utf8 */;
CREATE TABLE `django_admin_log` (
  `id` int(11) NOT NULL AUTO_INCREMENT,
  `action_time` datetime(6) NOT NULL,
  `object_id` longtext COLLATE utf8_unicode_ci,
  `object_repr` varchar(200) COLLATE utf8_unicode_ci NOT NULL,
  `action_flag` smallint(5) unsigned NOT NULL,
  `change_message` longtext COLLATE utf8_unicode_ci NOT NULL,
  `content_type_id` int(11) DEFAULT NULL,
  `user_id` int(11) NOT NULL,
  PRIMARY KEY (`id`),
  KEY `django_admin__content_type_id_c4bce8eb_fk_django_content_type_id` (`content_type_id`),
  KEY `django_admin_log_user_id_c564eba6_fk_auth_user_id` (`user_id`),
  CONSTRAINT `django_admin__content_type_id_c4bce8eb_fk_django_content_type_id` FOREIGN KEY (`content_type_id`) REFERENCES `django_content_type` (`id`),
  CONSTRAINT `django_admin_log_user_id_c564eba6_fk_auth_user_id` FOREIGN KEY (`user_id`) REFERENCES `auth_user` (`id`)
) ENGINE=InnoDB AUTO_INCREMENT=110 DEFAULT CHARSET=utf8 COLLATE=utf8_unicode_ci;
/*!40101 SET character_set_client = @saved_cs_client */;

--
-- Dumping data for table `django_admin_log`
--

LOCK TABLES `django_admin_log` WRITE;
/*!40000 ALTER TABLE `django_admin_log` DISABLE KEYS */;
INSERT INTO `django_admin_log` VALUES (1,'2017-01-14 14:18:41.990000','5','Dept object',1,'[{\"added\": {}}]',7,1),(2,'2017-01-15 04:08:46.875000','Z012010050000003','Itdevice object',2,'[{\"changed\": {\"fields\": [\"user\"]}}]',15,1),(3,'2017-01-15 04:10:05.667000','z3212343242','Itdevice object',1,'[{\"added\": {}}]',15,1),(4,'2017-01-15 04:12:25.235000','z3212343242','Itdevice object',3,'',15,1),(5,'2017-01-15 04:16:24.021000','6','Dept object',1,'[{\"added\": {}}]',7,1),(6,'2017-01-15 04:24:09.078000','z65436556456','Itdevice object',1,'[{\"added\": {}}]',15,1),(7,'2017-01-15 07:16:09.251000','7','aaa',1,'[{\"added\": {}}]',7,1),(8,'2017-01-16 04:02:43.095000','7','Dept object',3,'',7,1),(9,'2017-01-16 04:02:43.184000','6','Dept object',3,'',7,1),(10,'2017-01-16 04:02:43.230000','5','Dept object',3,'',7,1),(11,'2017-01-16 04:02:43.320000','4','Dept object',3,'',7,1),(12,'2017-01-16 04:02:43.333000','3','Dept object',3,'',7,1),(13,'2017-01-16 04:02:43.364000','2','Dept object',3,'',7,1),(14,'2017-01-16 04:02:43.376000','1','Dept object',3,'',7,1),(15,'2017-01-16 04:03:04.305000','z65436556456','Itdevice object',3,'',15,1),(16,'2017-01-16 04:03:04.327000','Z012010050000003','Itdevice object',3,'',15,1),(17,'2017-01-16 04:03:04.340000','Z012010040000001','Itdevice object',3,'',15,1),(18,'2017-01-16 04:03:12.041000','7','Dept object',3,'',7,1),(19,'2017-01-16 04:03:12.089000','6','Dept object',3,'',7,1),(20,'2017-01-16 04:03:12.128000','5','Dept object',3,'',7,1),(21,'2017-01-16 04:03:12.141000','4','Dept object',3,'',7,1),(22,'2017-01-16 04:03:12.179000','3','Dept object',3,'',7,1),(23,'2017-01-16 04:03:12.260000','2','Dept object',3,'',7,1),(24,'2017-01-16 04:03:12.274000','1','Dept object',3,'',7,1),(25,'2017-01-16 04:04:33.228000','AD','Dept object',1,'[{\"added\": {}}]',7,1),(26,'2017-01-16 04:04:49.483000','PCC','Dept object',1,'[{\"added\": {}}]',7,1),(27,'2017-01-16 04:05:24.201000','DV-C','Dept object',1,'[{\"added\": {}}]',7,1),(28,'2017-01-16 04:09:28.544000','DVC','Dept object',2,'[{\"changed\": {\"fields\": [\"dept_id\"]}}]',7,1),(29,'2017-01-16 04:09:49.944000','DV-C','Dept object',3,'',7,1),(30,'2017-01-16 04:14:06.419000','z12345','Itdevice object',1,'[{\"added\": {}}]',15,1),(31,'2017-01-16 04:14:20.624000','z65461','Itdevice object',1,'[{\"added\": {}}]',15,1),(32,'2017-01-16 06:48:00.135000','TE','TEST',1,'[{\"added\": {}}]',7,1),(33,'2017-01-16 06:48:23.660000','TE','TEST',3,'',7,1),(34,'2017-01-16 08:34:34.526000','AD','Admin',2,'[{\"changed\": {\"fields\": [\"deptname\"]}}]',7,1),(35,'2017-01-16 08:34:48.651000','PCC','PCC',2,'[{\"changed\": {\"fields\": [\"manager\"]}}]',7,1),(36,'2017-01-16 08:35:14.592000','DVC','DV-C',2,'[{\"changed\": {\"fields\": [\"manager\"]}}]',7,1),(37,'2017-01-16 08:35:38.785000','PCCO','PCCO',1,'[{\"added\": {}}]',7,1),(38,'2017-01-16 08:35:59.121000','DVG','DV-G',1,'[{\"added\": {}}]',7,1),(39,'2017-01-16 08:36:16.572000','TA','TA',1,'[{\"added\": {}}]',7,1),(40,'2017-01-16 08:36:32.991000','SR','SR',1,'[{\"added\": {}}]',7,1),(41,'2017-01-16 08:37:01.117000','CO','Costing',1,'[{\"added\": {}}]',7,1),(42,'2017-01-16 08:54:47.599000','DVG','DV-G',2,'[{\"changed\": {\"fields\": [\"manager\"]}}]',7,1),(43,'2017-01-16 08:55:00.610000','SR','SR',2,'[{\"changed\": {\"fields\": [\"manager\"]}}]',7,1),(44,'2017-01-16 08:55:16.912000','IT','IT',1,'[{\"added\": {}}]',7,1),(45,'2017-01-16 08:55:43.121000','FI','FI',1,'[{\"added\": {}}]',7,1),(46,'2017-01-16 09:06:03.652000','GA','GA',1,'[{\"added\": {}}]',7,1),(47,'2017-01-16 09:06:22.575000','E1','E1',1,'[{\"added\": {}}]',7,1),(48,'2017-01-16 09:07:16.818000','E2','E2',1,'[{\"added\": {}}]',7,1),(49,'2017-01-16 09:07:31.014000','E3','E3',1,'[{\"added\": {}}]',7,1),(50,'2017-01-16 09:07:42.090000','E4','E4',1,'[{\"added\": {}}]',7,1),(51,'2017-01-16 09:08:10.931000','E5','E5',1,'[{\"added\": {}}]',7,1),(52,'2017-01-16 09:08:21.321000','E6','E6',1,'[{\"added\": {}}]',7,1),(53,'2017-01-16 09:08:32.553000','F1','F1',1,'[{\"added\": {}}]',7,1),(54,'2017-01-16 09:16:11.902000','F2','F2',1,'[{\"added\": {}}]',7,1),(55,'2017-01-16 09:16:20.747000','F3','F3',1,'[{\"added\": {}}]',7,1),(56,'2017-01-16 09:16:30.373000','F4','F4',1,'[{\"added\": {}}]',7,1),(57,'2017-01-16 09:16:45.926000','GMO','GMO',1,'[{\"added\": {}}]',7,1),(58,'2017-01-16 09:16:54.959000','HR','HR',1,'[{\"added\": {}}]',7,1),(59,'2017-01-16 09:17:05.067000','IE','IE',1,'[{\"added\": {}}]',7,1),(60,'2017-01-16 09:28:50.760000','MW','MW',1,'[{\"added\": {}}]',7,1),(61,'2017-01-16 09:29:03.552000','NO','NOS',1,'[{\"added\": {}}]',7,1),(62,'2017-01-16 09:29:16.079000','PL','PL',1,'[{\"added\": {}}]',7,1),(63,'2017-01-16 09:29:29.432000','POD','PODO',1,'[{\"added\": {}}]',7,1),(64,'2017-01-16 09:29:38.013000','PP','PP',1,'[{\"added\": {}}]',7,1),(65,'2017-01-16 09:29:45.610000','PU','PU',1,'[{\"added\": {}}]',7,1),(66,'2017-01-16 09:29:55.859000','QA','QA',1,'[{\"added\": {}}]',7,1),(67,'2017-01-16 09:30:10.570000','TB','Trảng Bàng',1,'[{\"added\": {}}]',7,1),(68,'2017-01-16 12:41:00.449000','BM','BMM',1,'[{\"added\": {}}]',7,1),(69,'2017-01-18 01:09:47.542000','FF','F Factory',1,'[{\"added\": {}}]',7,1),(70,'2017-01-18 01:09:57.294000','F1','F1',2,'[{\"changed\": {\"fields\": [\"dept_parent\"]}}]',7,1),(71,'2017-01-18 01:10:05.644000','F2','F2',2,'[{\"changed\": {\"fields\": [\"dept_parent\"]}}]',7,1),(72,'2017-01-18 01:10:12.167000','F3','F3',2,'[{\"changed\": {\"fields\": [\"dept_parent\"]}}]',7,1),(73,'2017-01-18 01:10:20.163000','F4','F4',2,'[{\"changed\": {\"fields\": [\"dept_parent\"]}}]',7,1),(74,'2017-01-18 01:11:02.909000','EF','E Factory',1,'[{\"added\": {}}]',7,1),(75,'2017-01-18 01:11:12.900000','E1','E1',2,'[{\"changed\": {\"fields\": [\"dept_parent\"]}}]',7,1),(76,'2017-01-18 01:11:25.891000','E2','E2',2,'[{\"changed\": {\"fields\": [\"dept_parent\"]}}]',7,1),(77,'2017-01-18 01:11:33.007000','E3','E3',2,'[{\"changed\": {\"fields\": [\"dept_parent\"]}}]',7,1),(78,'2017-01-18 01:11:41.752000','E4','E4',2,'[{\"changed\": {\"fields\": [\"dept_parent\"]}}]',7,1),(79,'2017-01-18 01:11:50.398000','E5','E5',2,'[{\"changed\": {\"fields\": [\"dept_parent\"]}}]',7,1),(80,'2017-01-18 01:11:57.888000','E6','E6',2,'[{\"changed\": {\"fields\": [\"dept_parent\"]}}]',7,1),(81,'2017-01-20 04:32:25.562000','Z012990101150001','Itdevice object',2,'[{\"changed\": {\"fields\": [\"user\"]}}]',15,1),(82,'2017-01-20 04:32:53.133000','Z012990101150001','Itdevice object',2,'[{\"changed\": {\"fields\": [\"user\"]}}]',15,1),(83,'2017-01-20 04:43:01.105000','2','Luan',1,'[{\"added\": {}}]',19,1),(84,'2017-01-20 04:44:16.213000','2','Luan',2,'[{\"changed\": {\"fields\": [\"is_staff\"]}}]',19,1),(85,'2017-01-20 04:50:05.560000','1','user',1,'[{\"added\": {}}]',20,1),(86,'2017-01-20 04:50:29.014000','2','Luan',2,'[]',19,1),(87,'2017-01-20 04:51:11.638000','Z012360100070001','Itdevice object',2,'[{\"changed\": {\"fields\": [\"user\"]}}]',15,2),(88,'2017-01-20 04:51:20.219000','Z012360100070001','Itdevice object',2,'[{\"changed\": {\"fields\": [\"user\"]}}]',15,2),(89,'2017-01-21 09:19:17.497000','Z012410140020001','Itdevice object',2,'[{\"changed\": {\"fields\": [\"user\"]}}]',15,1),(90,'2017-01-21 09:19:31.273000','Z012410140020001','Itdevice object',2,'[{\"changed\": {\"fields\": [\"user\"]}}]',15,1),(91,'2017-01-24 08:19:15.752000','aaa','aaa',3,'',14,2),(92,'2017-01-24 08:19:15.819000','aa','aaa',3,'',14,2),(93,'2017-01-24 08:42:56.841000','bb','bbb',3,'',14,2),(94,'2017-01-24 08:44:55.042000','xx','afaef',3,'',14,2),(95,'2017-01-24 08:44:55.073000','ccee','ccc',3,'',14,2),(96,'2017-01-24 09:10:56.349000','aaa','test',3,'',16,2),(97,'2017-02-02 04:29:43.397000','test test','Itdevice object',3,'',15,2),(98,'2017-02-02 04:29:43.498000','test 3','Itdevice object',3,'',15,2),(99,'2017-02-02 04:29:43.512000','afafsd','Itdevice object',3,'',15,2),(100,'2017-02-02 04:30:00.268000','test 3','Itdevice object',1,'[{\"added\": {}}]',15,2),(101,'2017-02-03 09:02:04.615000','1','Itdevice object',2,'[{\"changed\": {\"fields\": [\"pur_date\"]}}]',15,2),(102,'2017-02-03 09:10:07.082000','test4','Itdevice object',3,'',15,2),(103,'2017-02-03 09:10:07.139000','test2','Itdevice object',3,'',15,2),(104,'2017-02-03 09:10:07.193000','test 6','Itdevice object',3,'',15,2),(105,'2017-02-03 09:10:07.231000','test 5','Itdevice object',3,'',15,2),(106,'2017-02-03 09:10:07.294000','test 3','Itdevice object',3,'',15,2),(107,'2017-02-03 09:10:07.307000','test','Itdevice object',3,'',15,2),(108,'2017-02-03 09:10:07.319000','A','Itdevice object',3,'',15,2),(109,'2017-02-03 09:10:07.358000','1','Itdevice object',3,'',15,2);
/*!40000 ALTER TABLE `django_admin_log` ENABLE KEYS */;
UNLOCK TABLES;

--
-- Table structure for table `django_content_type`
--

DROP TABLE IF EXISTS `django_content_type`;
/*!40101 SET @saved_cs_client     = @@character_set_client */;
/*!40101 SET character_set_client = utf8 */;
CREATE TABLE `django_content_type` (
  `id` int(11) NOT NULL AUTO_INCREMENT,
  `app_label` varchar(100) COLLATE utf8_unicode_ci NOT NULL,
  `model` varchar(100) COLLATE utf8_unicode_ci NOT NULL,
  PRIMARY KEY (`id`),
  UNIQUE KEY `django_content_type_app_label_76bd3d3b_uniq` (`app_label`,`model`)
) ENGINE=InnoDB AUTO_INCREMENT=26 DEFAULT CHARSET=utf8 COLLATE=utf8_unicode_ci;
/*!40101 SET character_set_client = @saved_cs_client */;

--
-- Dumping data for table `django_content_type`
--

LOCK TABLES `django_content_type` WRITE;
/*!40000 ALTER TABLE `django_content_type` DISABLE KEYS */;
INSERT INTO `django_content_type` VALUES (17,'admin','logentry'),(23,'auditlog','logentry'),(20,'auth','group'),(18,'auth','permission'),(19,'auth','user'),(21,'contenttypes','contenttype'),(24,'itdevice','auditloglogentry'),(1,'itdevice','authgroup'),(2,'itdevice','authgrouppermissions'),(3,'itdevice','authpermission'),(4,'itdevice','authuser'),(5,'itdevice','authusergroups'),(6,'itdevice','authuseruserpermissions'),(7,'itdevice','dept'),(8,'itdevice','device'),(9,'itdevice','djangoadminlog'),(10,'itdevice','djangocontenttype'),(11,'itdevice','djangomigrations'),(12,'itdevice','djangosession'),(15,'itdevice','itdevice'),(16,'itdevice','material'),(13,'itdevice','pc'),(14,'itdevice','type'),(25,'itdevice','useraction'),(22,'sessions','session');
/*!40000 ALTER TABLE `django_content_type` ENABLE KEYS */;
UNLOCK TABLES;

--
-- Table structure for table `django_migrations`
--

DROP TABLE IF EXISTS `django_migrations`;
/*!40101 SET @saved_cs_client     = @@character_set_client */;
/*!40101 SET character_set_client = utf8 */;
CREATE TABLE `django_migrations` (
  `id` int(11) NOT NULL AUTO_INCREMENT,
  `app` varchar(255) COLLATE utf8_unicode_ci NOT NULL,
  `name` varchar(255) COLLATE utf8_unicode_ci NOT NULL,
  `applied` datetime(6) NOT NULL,
  PRIMARY KEY (`id`)
) ENGINE=InnoDB AUTO_INCREMENT=24 DEFAULT CHARSET=utf8 COLLATE=utf8_unicode_ci;
/*!40101 SET character_set_client = @saved_cs_client */;

--
-- Dumping data for table `django_migrations`
--

LOCK TABLES `django_migrations` WRITE;
/*!40000 ALTER TABLE `django_migrations` DISABLE KEYS */;
INSERT INTO `django_migrations` VALUES (1,'contenttypes','0001_initial','2017-01-03 12:05:41.338000'),(2,'auth','0001_initial','2017-01-03 12:05:47.743000'),(3,'admin','0001_initial','2017-01-03 12:05:49.853000'),(4,'admin','0002_logentry_remove_auto_add','2017-01-03 12:05:49.888000'),(5,'contenttypes','0002_remove_content_type_name','2017-01-03 12:05:50.808000'),(6,'auth','0002_alter_permission_name_max_length','2017-01-03 12:05:52.073000'),(7,'auth','0003_alter_user_email_max_length','2017-01-03 12:05:53.453000'),(8,'auth','0004_alter_user_username_opts','2017-01-03 12:05:53.493000'),(9,'auth','0005_alter_user_last_login_null','2017-01-03 12:05:54.968000'),(10,'auth','0006_require_contenttypes_0002','2017-01-03 12:05:55.033000'),(11,'auth','0007_alter_validators_add_error_messages','2017-01-03 12:05:55.078000'),(12,'auth','0008_alter_user_username_max_length','2017-01-03 12:05:55.713000'),(13,'itdevice','0001_initial','2017-01-03 12:05:55.768000'),(14,'itdevice','0002_itdevice_material','2017-01-03 12:05:55.808000'),(15,'sessions','0001_initial','2017-01-03 12:05:56.183000'),(16,'auditlog','0001_initial','2017-02-13 07:17:24.342000'),(17,'auditlog','0002_auto_support_long_primary_keys','2017-02-13 07:17:25.370000'),(18,'auditlog','0003_logentry_remote_addr','2017-02-13 07:17:26.074000'),(19,'auditlog','0004_logentry_detailed_object_repr','2017-02-13 07:17:26.634000'),(20,'auditlog','0005_logentry_additional_data_verbose_name','2017-02-13 07:17:26.680000'),(21,'auditlog','0006_object_pk_index','2017-02-13 07:17:27.550000'),(22,'auditlog','0007_object_pk_type','2017-02-13 07:17:27.583000'),(23,'itdevice','0003_auditloglogentry_useraction','2017-02-15 02:29:32.918000');
/*!40000 ALTER TABLE `django_migrations` ENABLE KEYS */;
UNLOCK TABLES;

--
-- Table structure for table `django_session`
--

DROP TABLE IF EXISTS `django_session`;
/*!40101 SET @saved_cs_client     = @@character_set_client */;
/*!40101 SET character_set_client = utf8 */;
CREATE TABLE `django_session` (
  `session_key` varchar(40) COLLATE utf8_unicode_ci NOT NULL,
  `session_data` longtext COLLATE utf8_unicode_ci NOT NULL,
  `expire_date` datetime(6) NOT NULL,
  PRIMARY KEY (`session_key`),
  KEY `django_session_de54fa62` (`expire_date`)
) ENGINE=InnoDB DEFAULT CHARSET=utf8 COLLATE=utf8_unicode_ci;
/*!40101 SET character_set_client = @saved_cs_client */;

--
-- Dumping data for table `django_session`
--

LOCK TABLES `django_session` WRITE;
/*!40000 ALTER TABLE `django_session` DISABLE KEYS */;
INSERT INTO `django_session` VALUES ('14ozvkdaofm2hfbyh0rz27g10xzcea5m','NWQ5ZjY0ZjQxNTM2OWFjZTU3Y2Y0NzljMjhhZmRlZDBjZDNiZWQ0OTp7Il9hdXRoX3VzZXJfaGFzaCI6ImMyMDY5ZDVhMjZiNDExZDY0YTRkNWIxNjQzMzU2MTIzZGQyYjJmYTEiLCJfYXV0aF91c2VyX2JhY2tlbmQiOiJkamFuZ28uY29udHJpYi5hdXRoLmJhY2tlbmRzLk1vZGVsQmFja2VuZCIsIl9hdXRoX3VzZXJfaWQiOiIxIn0=','2017-03-13 14:17:01.667000'),('155aij6638e5yb3hwqdoo8kreb8dfo68','MjEyOTg1ZWRjNThjYTk4NmQwNDkwZDMxYzJkN2E2OThmMTNlZTU1Yzp7Il9hdXRoX3VzZXJfaGFzaCI6IjA2OTA0NWU2N2Q4MDQzM2ZhNjFiYTU3YjBhYTg4NDdjODgzYmZlZTMiLCJfYXV0aF91c2VyX2JhY2tlbmQiOiJkamFuZ28uY29udHJpYi5hdXRoLmJhY2tlbmRzLk1vZGVsQmFja2VuZCIsIl9hdXRoX3VzZXJfaWQiOiIyIn0=','2017-03-04 04:55:16.229000'),('399rt6mmomnp3clnt9miau3mjumc7dr0','MjEyOTg1ZWRjNThjYTk4NmQwNDkwZDMxYzJkN2E2OThmMTNlZTU1Yzp7Il9hdXRoX3VzZXJfaGFzaCI6IjA2OTA0NWU2N2Q4MDQzM2ZhNjFiYTU3YjBhYTg4NDdjODgzYmZlZTMiLCJfYXV0aF91c2VyX2JhY2tlbmQiOiJkamFuZ28uY29udHJpYi5hdXRoLmJhY2tlbmRzLk1vZGVsQmFja2VuZCIsIl9hdXRoX3VzZXJfaWQiOiIyIn0=','2017-03-08 09:14:09.498000'),('3s5ooatekx8al1q7461mx2fdzbde0zyd','MjEyOTg1ZWRjNThjYTk4NmQwNDkwZDMxYzJkN2E2OThmMTNlZTU1Yzp7Il9hdXRoX3VzZXJfaGFzaCI6IjA2OTA0NWU2N2Q4MDQzM2ZhNjFiYTU3YjBhYTg4NDdjODgzYmZlZTMiLCJfYXV0aF91c2VyX2JhY2tlbmQiOiJkamFuZ28uY29udHJpYi5hdXRoLmJhY2tlbmRzLk1vZGVsQmFja2VuZCIsIl9hdXRoX3VzZXJfaWQiOiIyIn0=','2017-03-03 03:26:52.794000'),('430r9kt7oymw2ennki4qz2ml9dla0gcv','MjEyOTg1ZWRjNThjYTk4NmQwNDkwZDMxYzJkN2E2OThmMTNlZTU1Yzp7Il9hdXRoX3VzZXJfaGFzaCI6IjA2OTA0NWU2N2Q4MDQzM2ZhNjFiYTU3YjBhYTg4NDdjODgzYmZlZTMiLCJfYXV0aF91c2VyX2JhY2tlbmQiOiJkamFuZ28uY29udHJpYi5hdXRoLmJhY2tlbmRzLk1vZGVsQmFja2VuZCIsIl9hdXRoX3VzZXJfaWQiOiIyIn0=','2017-03-08 09:00:44.757000'),('4qk5imdz7np6m5z3trd5z0jh73gq05x8','MjEyOTg1ZWRjNThjYTk4NmQwNDkwZDMxYzJkN2E2OThmMTNlZTU1Yzp7Il9hdXRoX3VzZXJfaGFzaCI6IjA2OTA0NWU2N2Q4MDQzM2ZhNjFiYTU3YjBhYTg4NDdjODgzYmZlZTMiLCJfYXV0aF91c2VyX2JhY2tlbmQiOiJkamFuZ28uY29udHJpYi5hdXRoLmJhY2tlbmRzLk1vZGVsQmFja2VuZCIsIl9hdXRoX3VzZXJfaWQiOiIyIn0=','2017-03-11 14:57:56.385000'),('6391o1wjgobe7qm5jfu3t3387jdwvggx','NWEzZDc3MmRjOTkwOThjZTMzMmFkYzU1ZmEwMGVlYzNmMjM5YmIzMDp7Il9hdXRoX3VzZXJfaGFzaCI6IjA2OTA0NWU2N2Q4MDQzM2ZhNjFiYTU3YjBhYTg4NDdjODgzYmZlZTMiLCJfYXV0aF91c2VyX2lkIjoiMiIsIl9hdXRoX3VzZXJfYmFja2VuZCI6ImRqYW5nby5jb250cmliLmF1dGguYmFja2VuZHMuTW9kZWxCYWNrZW5kIn0=','2017-03-07 02:27:09.591000'),('6ojpbx4yphu37h1c56chh10dzzkuk6th','NWQ5ZjY0ZjQxNTM2OWFjZTU3Y2Y0NzljMjhhZmRlZDBjZDNiZWQ0OTp7Il9hdXRoX3VzZXJfaGFzaCI6ImMyMDY5ZDVhMjZiNDExZDY0YTRkNWIxNjQzMzU2MTIzZGQyYjJmYTEiLCJfYXV0aF91c2VyX2JhY2tlbmQiOiJkamFuZ28uY29udHJpYi5hdXRoLmJhY2tlbmRzLk1vZGVsQmFja2VuZCIsIl9hdXRoX3VzZXJfaWQiOiIxIn0=','2017-03-14 04:52:33.220000'),('7e3adlmfg6kdwjd5qnfli4hxs7739sg5','NWQ5ZjY0ZjQxNTM2OWFjZTU3Y2Y0NzljMjhhZmRlZDBjZDNiZWQ0OTp7Il9hdXRoX3VzZXJfaGFzaCI6ImMyMDY5ZDVhMjZiNDExZDY0YTRkNWIxNjQzMzU2MTIzZGQyYjJmYTEiLCJfYXV0aF91c2VyX2JhY2tlbmQiOiJkamFuZ28uY29udHJpYi5hdXRoLmJhY2tlbmRzLk1vZGVsQmFja2VuZCIsIl9hdXRoX3VzZXJfaWQiOiIxIn0=','2017-03-14 06:07:30.156000'),('atsycdmjkcbx058yzyi9501qhq4k0phy','MjEyOTg1ZWRjNThjYTk4NmQwNDkwZDMxYzJkN2E2OThmMTNlZTU1Yzp7Il9hdXRoX3VzZXJfaGFzaCI6IjA2OTA0NWU2N2Q4MDQzM2ZhNjFiYTU3YjBhYTg4NDdjODgzYmZlZTMiLCJfYXV0aF91c2VyX2JhY2tlbmQiOiJkamFuZ28uY29udHJpYi5hdXRoLmJhY2tlbmRzLk1vZGVsQmFja2VuZCIsIl9hdXRoX3VzZXJfaWQiOiIyIn0=','2017-03-02 02:31:31.965000'),('bqwp09fbg50wjqlokpumdi3y7lovjbq8','NWQ5ZjY0ZjQxNTM2OWFjZTU3Y2Y0NzljMjhhZmRlZDBjZDNiZWQ0OTp7Il9hdXRoX3VzZXJfaGFzaCI6ImMyMDY5ZDVhMjZiNDExZDY0YTRkNWIxNjQzMzU2MTIzZGQyYjJmYTEiLCJfYXV0aF91c2VyX2JhY2tlbmQiOiJkamFuZ28uY29udHJpYi5hdXRoLmJhY2tlbmRzLk1vZGVsQmFja2VuZCIsIl9hdXRoX3VzZXJfaWQiOiIxIn0=','2017-03-04 00:53:28.996000'),('brtnr1xgvn44heodp16hdans5kg8fth7','NWQ5ZjY0ZjQxNTM2OWFjZTU3Y2Y0NzljMjhhZmRlZDBjZDNiZWQ0OTp7Il9hdXRoX3VzZXJfaGFzaCI6ImMyMDY5ZDVhMjZiNDExZDY0YTRkNWIxNjQzMzU2MTIzZGQyYjJmYTEiLCJfYXV0aF91c2VyX2JhY2tlbmQiOiJkamFuZ28uY29udHJpYi5hdXRoLmJhY2tlbmRzLk1vZGVsQmFja2VuZCIsIl9hdXRoX3VzZXJfaWQiOiIxIn0=','2017-03-12 12:32:41.847000'),('c97txu6padq9f4fbjpcvk3d5srtot1mv','MjEyOTg1ZWRjNThjYTk4NmQwNDkwZDMxYzJkN2E2OThmMTNlZTU1Yzp7Il9hdXRoX3VzZXJfaGFzaCI6IjA2OTA0NWU2N2Q4MDQzM2ZhNjFiYTU3YjBhYTg4NDdjODgzYmZlZTMiLCJfYXV0aF91c2VyX2JhY2tlbmQiOiJkamFuZ28uY29udHJpYi5hdXRoLmJhY2tlbmRzLk1vZGVsQmFja2VuZCIsIl9hdXRoX3VzZXJfaWQiOiIyIn0=','2017-03-14 04:34:28.522000'),('d822v8f5hzfj72atmww3yzltqvhl5zq4','NWQ5ZjY0ZjQxNTM2OWFjZTU3Y2Y0NzljMjhhZmRlZDBjZDNiZWQ0OTp7Il9hdXRoX3VzZXJfaGFzaCI6ImMyMDY5ZDVhMjZiNDExZDY0YTRkNWIxNjQzMzU2MTIzZGQyYjJmYTEiLCJfYXV0aF91c2VyX2JhY2tlbmQiOiJkamFuZ28uY29udHJpYi5hdXRoLmJhY2tlbmRzLk1vZGVsQmFja2VuZCIsIl9hdXRoX3VzZXJfaWQiOiIxIn0=','2017-03-01 16:27:38.610000'),('gddp9f2r3s7hyuds9v0ku055k94vjjr8','NWQ5ZjY0ZjQxNTM2OWFjZTU3Y2Y0NzljMjhhZmRlZDBjZDNiZWQ0OTp7Il9hdXRoX3VzZXJfaGFzaCI6ImMyMDY5ZDVhMjZiNDExZDY0YTRkNWIxNjQzMzU2MTIzZGQyYjJmYTEiLCJfYXV0aF91c2VyX2JhY2tlbmQiOiJkamFuZ28uY29udHJpYi5hdXRoLmJhY2tlbmRzLk1vZGVsQmFja2VuZCIsIl9hdXRoX3VzZXJfaWQiOiIxIn0=','2017-03-04 00:57:43.369000'),('gm6qv329fsgxh0qxfs96e8iunqch6tl7','MjEyOTg1ZWRjNThjYTk4NmQwNDkwZDMxYzJkN2E2OThmMTNlZTU1Yzp7Il9hdXRoX3VzZXJfaGFzaCI6IjA2OTA0NWU2N2Q4MDQzM2ZhNjFiYTU3YjBhYTg4NDdjODgzYmZlZTMiLCJfYXV0aF91c2VyX2JhY2tlbmQiOiJkamFuZ28uY29udHJpYi5hdXRoLmJhY2tlbmRzLk1vZGVsQmFja2VuZCIsIl9hdXRoX3VzZXJfaWQiOiIyIn0=','2017-03-01 16:25:59.199000'),('jo36sy4y3j4j5znas25z5pn7c6zx6n7x','MjEyOTg1ZWRjNThjYTk4NmQwNDkwZDMxYzJkN2E2OThmMTNlZTU1Yzp7Il9hdXRoX3VzZXJfaGFzaCI6IjA2OTA0NWU2N2Q4MDQzM2ZhNjFiYTU3YjBhYTg4NDdjODgzYmZlZTMiLCJfYXV0aF91c2VyX2JhY2tlbmQiOiJkamFuZ28uY29udHJpYi5hdXRoLmJhY2tlbmRzLk1vZGVsQmFja2VuZCIsIl9hdXRoX3VzZXJfaWQiOiIyIn0=','2017-03-10 08:49:23.794000'),('kfy6jyn8udqsysmsg10eo9m9l3b5x2tt','MjEyOTg1ZWRjNThjYTk4NmQwNDkwZDMxYzJkN2E2OThmMTNlZTU1Yzp7Il9hdXRoX3VzZXJfaGFzaCI6IjA2OTA0NWU2N2Q4MDQzM2ZhNjFiYTU3YjBhYTg4NDdjODgzYmZlZTMiLCJfYXV0aF91c2VyX2JhY2tlbmQiOiJkamFuZ28uY29udHJpYi5hdXRoLmJhY2tlbmRzLk1vZGVsQmFja2VuZCIsIl9hdXRoX3VzZXJfaWQiOiIyIn0=','2017-03-04 00:43:43.981000'),('lee5pkkpmsyfqnpuaeztaaccih8xokez','MjEyOTg1ZWRjNThjYTk4NmQwNDkwZDMxYzJkN2E2OThmMTNlZTU1Yzp7Il9hdXRoX3VzZXJfaGFzaCI6IjA2OTA0NWU2N2Q4MDQzM2ZhNjFiYTU3YjBhYTg4NDdjODgzYmZlZTMiLCJfYXV0aF91c2VyX2JhY2tlbmQiOiJkamFuZ28uY29udHJpYi5hdXRoLmJhY2tlbmRzLk1vZGVsQmFja2VuZCIsIl9hdXRoX3VzZXJfaWQiOiIyIn0=','2017-03-01 16:29:03.082000'),('o4slkewasiqfvffvyziivblmfki0ymrf','NWQ5ZjY0ZjQxNTM2OWFjZTU3Y2Y0NzljMjhhZmRlZDBjZDNiZWQ0OTp7Il9hdXRoX3VzZXJfaGFzaCI6ImMyMDY5ZDVhMjZiNDExZDY0YTRkNWIxNjQzMzU2MTIzZGQyYjJmYTEiLCJfYXV0aF91c2VyX2JhY2tlbmQiOiJkamFuZ28uY29udHJpYi5hdXRoLmJhY2tlbmRzLk1vZGVsQmFja2VuZCIsIl9hdXRoX3VzZXJfaWQiOiIxIn0=','2017-03-04 00:54:01.133000'),('q0l0hcglhuemkvjbwt34ti1oejrbj82p','MjEyOTg1ZWRjNThjYTk4NmQwNDkwZDMxYzJkN2E2OThmMTNlZTU1Yzp7Il9hdXRoX3VzZXJfaGFzaCI6IjA2OTA0NWU2N2Q4MDQzM2ZhNjFiYTU3YjBhYTg4NDdjODgzYmZlZTMiLCJfYXV0aF91c2VyX2JhY2tlbmQiOiJkamFuZ28uY29udHJpYi5hdXRoLmJhY2tlbmRzLk1vZGVsQmFja2VuZCIsIl9hdXRoX3VzZXJfaWQiOiIyIn0=','2017-03-04 00:31:20.462000'),('tb3inzj1am8d84hg3a2i40trguml0ssr','NWQ5ZjY0ZjQxNTM2OWFjZTU3Y2Y0NzljMjhhZmRlZDBjZDNiZWQ0OTp7Il9hdXRoX3VzZXJfaGFzaCI6ImMyMDY5ZDVhMjZiNDExZDY0YTRkNWIxNjQzMzU2MTIzZGQyYjJmYTEiLCJfYXV0aF91c2VyX2JhY2tlbmQiOiJkamFuZ28uY29udHJpYi5hdXRoLmJhY2tlbmRzLk1vZGVsQmFja2VuZCIsIl9hdXRoX3VzZXJfaWQiOiIxIn0=','2017-03-04 02:50:49.794000'),('u2dq7jjasuaaoiwfjhpiqp3vbuj0mfzz','NWQ5ZjY0ZjQxNTM2OWFjZTU3Y2Y0NzljMjhhZmRlZDBjZDNiZWQ0OTp7Il9hdXRoX3VzZXJfaGFzaCI6ImMyMDY5ZDVhMjZiNDExZDY0YTRkNWIxNjQzMzU2MTIzZGQyYjJmYTEiLCJfYXV0aF91c2VyX2JhY2tlbmQiOiJkamFuZ28uY29udHJpYi5hdXRoLmJhY2tlbmRzLk1vZGVsQmFja2VuZCIsIl9hdXRoX3VzZXJfaWQiOiIxIn0=','2017-03-13 14:19:59.486000'),('uubtb2fq3wl0z7ussoe4q3s0rfjyhrrh','NWQ5ZjY0ZjQxNTM2OWFjZTU3Y2Y0NzljMjhhZmRlZDBjZDNiZWQ0OTp7Il9hdXRoX3VzZXJfaGFzaCI6ImMyMDY5ZDVhMjZiNDExZDY0YTRkNWIxNjQzMzU2MTIzZGQyYjJmYTEiLCJfYXV0aF91c2VyX2JhY2tlbmQiOiJkamFuZ28uY29udHJpYi5hdXRoLmJhY2tlbmRzLk1vZGVsQmFja2VuZCIsIl9hdXRoX3VzZXJfaWQiOiIxIn0=','2017-03-07 01:29:07.936000'),('w2o1vhjntn3ah1ltjfak5lizc8irs7yf','NWQ5ZjY0ZjQxNTM2OWFjZTU3Y2Y0NzljMjhhZmRlZDBjZDNiZWQ0OTp7Il9hdXRoX3VzZXJfaGFzaCI6ImMyMDY5ZDVhMjZiNDExZDY0YTRkNWIxNjQzMzU2MTIzZGQyYjJmYTEiLCJfYXV0aF91c2VyX2JhY2tlbmQiOiJkamFuZ28uY29udHJpYi5hdXRoLmJhY2tlbmRzLk1vZGVsQmFja2VuZCIsIl9hdXRoX3VzZXJfaWQiOiIxIn0=','2017-03-04 02:03:37.991000'),('ybpx6b8cccx2e708rw7wrpdx6kpe7mxu','NWQ5ZjY0ZjQxNTM2OWFjZTU3Y2Y0NzljMjhhZmRlZDBjZDNiZWQ0OTp7Il9hdXRoX3VzZXJfaGFzaCI6ImMyMDY5ZDVhMjZiNDExZDY0YTRkNWIxNjQzMzU2MTIzZGQyYjJmYTEiLCJfYXV0aF91c2VyX2JhY2tlbmQiOiJkamFuZ28uY29udHJpYi5hdXRoLmJhY2tlbmRzLk1vZGVsQmFja2VuZCIsIl9hdXRoX3VzZXJfaWQiOiIxIn0=','2017-03-14 04:47:37.018000'),('zsllgpk6b7s6v6mhu99v2e2s4ns8hg41','NWQ5ZjY0ZjQxNTM2OWFjZTU3Y2Y0NzljMjhhZmRlZDBjZDNiZWQ0OTp7Il9hdXRoX3VzZXJfaGFzaCI6ImMyMDY5ZDVhMjZiNDExZDY0YTRkNWIxNjQzMzU2MTIzZGQyYjJmYTEiLCJfYXV0aF91c2VyX2JhY2tlbmQiOiJkamFuZ28uY29udHJpYi5hdXRoLmJhY2tlbmRzLk1vZGVsQmFja2VuZCIsIl9hdXRoX3VzZXJfaWQiOiIxIn0=','2017-03-14 06:05:05.901000');
/*!40000 ALTER TABLE `django_session` ENABLE KEYS */;
UNLOCK TABLES;

--
-- Table structure for table `importfile`
--

DROP TABLE IF EXISTS `importfile`;
/*!40101 SET @saved_cs_client     = @@character_set_client */;
/*!40101 SET character_set_client = utf8 */;
CREATE TABLE `importfile` (
  `import_id` int(11) NOT NULL AUTO_INCREMENT,
  `i_id` int(11) NOT NULL,
  `i_type_id` int(11) NOT NULL,
  `lable` varchar(45) COLLATE utf8_unicode_ci NOT NULL,
  `date` datetime DEFAULT NULL,
  PRIMARY KEY (`import_id`),
  KEY `inventory_idx` (`i_id`),
  KEY `inventorytype_idx` (`i_type_id`),
  CONSTRAINT `inventory` FOREIGN KEY (`i_id`) REFERENCES `inventory` (`i_id`) ON DELETE NO ACTION ON UPDATE NO ACTION,
  CONSTRAINT `inventorytype` FOREIGN KEY (`i_type_id`) REFERENCES `inventory_type` (`i_type_id`) ON DELETE NO ACTION ON UPDATE NO ACTION
) ENGINE=InnoDB AUTO_INCREMENT=42 DEFAULT CHARSET=utf8 COLLATE=utf8_unicode_ci;
/*!40101 SET character_set_client = @saved_cs_client */;

--
-- Dumping data for table `importfile`
--

LOCK TABLES `importfile` WRITE;
/*!40000 ALTER TABLE `importfile` DISABLE KEYS */;
INSERT INTO `importfile` VALUES (1,1,1,'lable1\n',NULL),(2,1,1,'lable1\n',NULL),(3,1,1,'test2lable2',NULL),(4,1,1,'lable1\n',NULL),(5,1,1,'test2lable2',NULL),(6,1,2,'lable1\n',NULL),(7,1,2,'test2lable2',NULL),(8,1,1,'lable1\n','2017-02-24 08:18:19'),(9,1,1,'test2lable2','2017-02-24 08:18:19'),(10,1,1,'Z0123456\n','2017-02-24 10:33:24'),(11,1,1,'Z5648942','2017-02-24 10:33:24'),(12,1,1,'Z012010040000001','2017-02-24 15:32:39'),(13,1,1,'Z012010050000001','2017-02-24 15:32:39'),(14,1,2,'aaa','2017-02-24 15:36:18'),(15,1,1,'Z012010050000003','2017-02-24 16:07:20'),(16,1,1,'Z012010050000005','2017-02-24 16:07:20'),(17,1,1,'Z012010050000008','2017-02-24 16:07:21'),(18,1,2,'Z012010050000004\n','2017-02-24 16:12:11'),(19,1,2,'Z012010050000005\n','2017-02-24 16:12:11'),(20,1,2,'Z012010050000008','2017-02-24 16:12:11'),(21,1,1,'Z012010050000006','2017-02-24 16:17:17'),(22,1,1,'Z012010050000007','2017-02-24 16:17:17'),(23,1,1,'','2017-02-24 16:17:17'),(24,1,1,'','2017-02-24 16:17:17'),(25,1,2,'Z012010050000006','2017-02-24 16:19:44'),(26,1,2,'Z012010050000007','2017-02-24 16:19:44'),(27,1,1,'Z012010050000009','2017-02-24 16:25:02'),(28,1,1,'Z012010050000010','2017-02-24 16:25:02'),(29,1,2,'Z012010050000009','2017-02-24 16:25:30'),(30,1,2,'Z012010050000010','2017-02-24 16:25:30'),(31,1,1,'Z012010050000011','2017-02-24 20:11:59'),(32,1,1,'Z012010050000012','2017-02-24 20:11:59'),(33,1,1,'Z012010050000014','2017-02-24 20:11:59'),(34,1,1,'Z012010050000015','2017-02-28 11:56:31'),(35,1,1,'Z012010050000017','2017-02-28 11:56:31'),(36,1,1,'Z012010050000018','2017-02-28 11:56:31'),(37,1,1,'Z012010050000020','2017-02-28 11:56:31'),(38,1,2,'Z012010050000015','2017-02-28 11:57:38'),(39,1,2,'Z012010050000017','2017-02-28 11:57:38'),(40,1,2,'Z012010050000018','2017-02-28 11:57:38'),(41,1,2,'Z012010050000020','2017-02-28 11:57:38');
/*!40000 ALTER TABLE `importfile` ENABLE KEYS */;
UNLOCK TABLES;

--
-- Table structure for table `inventory`
--

DROP TABLE IF EXISTS `inventory`;
/*!40101 SET @saved_cs_client     = @@character_set_client */;
/*!40101 SET character_set_client = utf8 */;
CREATE TABLE `inventory` (
  `i_id` int(11) NOT NULL AUTO_INCREMENT,
  `i_name_cn` varchar(100) CHARACTER SET utf8 NOT NULL,
  `i_name_vn` varchar(100) CHARACTER SET utf8 NOT NULL,
  PRIMARY KEY (`i_id`)
) ENGINE=InnoDB AUTO_INCREMENT=2 DEFAULT CHARSET=utf8 COLLATE=utf8_unicode_ci;
/*!40101 SET character_set_client = @saved_cs_client */;

--
-- Dumping data for table `inventory`
--

LOCK TABLES `inventory` WRITE;
/*!40000 ALTER TABLE `inventory` DISABLE KEYS */;
INSERT INTO `inventory` VALUES (1,'志寧/展鵬2016年 資訊設備盤點清冊','BẢNG KIỂM KÊ THIẾT BỊ IT GIỮA NĂM 2016');
/*!40000 ALTER TABLE `inventory` ENABLE KEYS */;
UNLOCK TABLES;

--
-- Table structure for table `inventory_type`
--

DROP TABLE IF EXISTS `inventory_type`;
/*!40101 SET @saved_cs_client     = @@character_set_client */;
/*!40101 SET character_set_client = utf8 */;
CREATE TABLE `inventory_type` (
  `i_type_id` int(11) NOT NULL AUTO_INCREMENT,
  `i_type_name` varchar(45) COLLATE utf8_unicode_ci NOT NULL,
  PRIMARY KEY (`i_type_id`)
) ENGINE=InnoDB AUTO_INCREMENT=4 DEFAULT CHARSET=utf8 COLLATE=utf8_unicode_ci;
/*!40101 SET character_set_client = @saved_cs_client */;

--
-- Dumping data for table `inventory_type`
--

LOCK TABLES `inventory_type` WRITE;
/*!40000 ALTER TABLE `inventory_type` DISABLE KEYS */;
INSERT INTO `inventory_type` VALUES (1,'First check'),(2,'Last check');
/*!40000 ALTER TABLE `inventory_type` ENABLE KEYS */;
UNLOCK TABLES;

--
-- Table structure for table `itdevice`
--

DROP TABLE IF EXISTS `itdevice`;
/*!40101 SET @saved_cs_client     = @@character_set_client */;
/*!40101 SET character_set_client = utf8 */;
CREATE TABLE `itdevice` (
  `device_id` varchar(45) COLLATE utf8_unicode_ci NOT NULL,
  `material_id` varchar(45) COLLATE utf8_unicode_ci NOT NULL,
  `dept_id` varchar(5) COLLATE utf8_unicode_ci NOT NULL,
  `pur_date` date NOT NULL,
  `user_name` varchar(45) CHARACTER SET utf8 DEFAULT NULL,
  PRIMARY KEY (`device_id`),
  KEY `material_idx` (`material_id`),
  KEY `dept_idx` (`dept_id`),
  CONSTRAINT `dept` FOREIGN KEY (`dept_id`) REFERENCES `dept` (`dept_id`) ON DELETE NO ACTION ON UPDATE NO ACTION,
  CONSTRAINT `material` FOREIGN KEY (`material_id`) REFERENCES `material` (`material_id`) ON DELETE NO ACTION ON UPDATE NO ACTION
) ENGINE=InnoDB DEFAULT CHARSET=utf8 COLLATE=utf8_unicode_ci;
/*!40101 SET character_set_client = @saved_cs_client */;

--
-- Dumping data for table `itdevice`
--

LOCK TABLES `itdevice` WRITE;
/*!40000 ALTER TABLE `itdevice` DISABLE KEYS */;
INSERT INTO `itdevice` VALUES ('Z012010030000001','Z01201003000','IT','2011-07-21','Trâm'),('Z012010040000001','Z01201004000','IT','2011-07-21','Trâm'),('Z012010050000001','Z01201005000','IT','2011-07-21','IT VG but expired'),('Z012010050000002','Z01201005000','IT','2011-07-21','IT VG but expired'),('Z012010050000003','Z01201005000','IT','2011-08-25','IT Store'),('Z012010050000004','Z01201005000','IT','2011-08-25','IT VG but expired'),('Z012010050000005','Z01201005000','IT','2011-08-25','IT VG but expired'),('Z012010050000006','Z01201005000','IT','2011-08-25','IT VG but expired'),('Z012010050000007','Z01201005000','IT','2011-08-25','IT VG but expired'),('Z012010050000008','Z01201005000','IT','2011-08-25','IT VG but expired'),('Z012010050000009','Z01201005000','IT','2011-08-25','IT VG but expired'),('Z012010050000010','Z01201005000','IT','2011-08-25','IT VG but expired'),('Z012010050000011','Z01201005000','IT','2011-08-25','IT VG but expired'),('Z012010050000012','Z01201005000','IT','2011-08-25','IT VG but expired'),('Z012010050000013','Z01201005000','IT','2011-09-21','IT VG but expired'),('Z012010050000014','Z01201005000','IT','2011-09-21','IT VG but expired'),('Z012010050000015','Z01201005000','IT','2011-09-21','IT VG but expired'),('Z012010050000016','Z01201005000','IT','2011-09-21','IT VG but expired'),('Z012010050000017','Z01201005000','IT','2011-09-21','IT VG but expired'),('Z012010050000018','Z01201005000','IT','2011-09-21','IT VG but expired'),('Z012010050000019','Z01201005000','IT','2011-09-21','IT VG but expired'),('Z012010050000020','Z01201005000','IT','2011-09-21','IT VG but expired'),('Z012010050000021','Z01201005000','IT','2011-09-21','IT VG but expired'),('Z012010050000022','Z01201005000','IT','2011-09-21','IT VG but expired'),('Z012010050010001','Z01201005001','IT','2011-10-26','Server'),('Z012010060000001','Z01201006000','IT','2011-07-21','Chi Hung Buy but IT VG using'),('Z012010060000002','Z01201006000','IT','2011-07-21','Chi Hung Buy but IT VG using'),('Z012010060000003','Z01201006000','IT','2011-08-25','Chi Hung Buy but IT VG using'),('Z012010060000004','Z01201006000','IT','2011-08-25','Chi Hung Buy but IT VG using'),('Z012010060000005','Z01201006000','IT','2011-08-25','Chi Hung Buy but IT VG using'),('Z012010060000006','Z01201006000','IT','2011-08-25','Chi Hung Buy but IT VG using'),('Z012010060000007','Z01201006000','IT','2011-08-25','Chi Hung Buy but IT VG using'),('Z012010060000009','Z01201006000','IT','2011-08-25','Chi Hung Buy but IT VG using'),('Z012010060000010','Z01201006000','IT','2011-08-25','Chi Hung Buy but IT VG using'),('Z012010060000011','Z01201006000','IT','2011-08-25','Chi Hung Buy but IT VG using'),('Z012010060000012','Z01201006000','IT','2011-08-25','Chi Hung Buy but IT VG using'),('Z012010060000013','Z01201006000','IT','2011-09-21','Chi Hung Buy but IT VG using'),('Z012010060000014','Z01201006000','IT','2011-09-21','Chi Hung Buy but IT VG using'),('Z012010060000015','Z01201006000','IT','2011-09-21','Chi Hung Buy but IT VG using'),('Z012010060000016','Z01201006000','IT','2011-09-21','Chi Hung Buy but IT VG using'),('Z012010060000017','Z01201006000','IT','2011-09-21','Chi Hung Buy but IT VG using'),('Z012010060000018','Z01201006000','IT','2011-09-21','Chi Hung Buy but IT VG using'),('Z012010060000019','Z01201006000','IT','2011-09-21','Chi Hung Buy but IT VG using'),('Z012010060000020','Z01201006000','IT','2011-09-21','Chi Hung Buy but IT VG using'),('Z012010060000021','Z01201006000','IT','2011-09-21','Chi Hung Buy but IT VG using'),('Z012010060000022','Z01201006000','IT','2011-09-21','Chi Hung Buy but IT VG using'),('Z012010060000023','Z01201006000','IT','2011-11-24','Chi Hung Buy but IT VG using'),('Z012010060000024','Z01201006000','IT','2011-11-24','Chi Hung Buy but IT VG using'),('Z012010060000025','Z01201006000','IT','2011-11-24','Chi Hung Buy but IT VG using'),('Z012010060000026','Z01201006000','IT','2011-07-21','Chi Hung Buy but IT VG using'),('Z012010060000027','Z01201006000','IT','2011-07-21','Chi Hung Buy but IT VG using'),('Z012010080000001','Z01201008000','PCCO','2011-12-28','Bernie'),('Z012010080010001','Z01201008001','F3','2014-02-25','Vp RUBBER.LIN'),('Z012020470010001','Z01202047001','FI','2011-11-02','phuong.luu'),('Z012020470010002','Z01202047001','GA','2011-11-02','ga-tam.ha'),('Z012020470010003','Z01202047001','GA','2011-11-02','ga-bich.nguyen/ linh.tran'),('Z012020470010004','Z01202047001','IT','2011-07-21','P. Kỷ thuật'),('Z012020470010005','Z01202047001','HR','2011-07-21','Hằng'),('Z012020470010006','Z01202047001','HR','2011-07-21','Cloud'),('Z012020470010007','Z01202047001','HR','2011-07-21',''),('Z012020470010008','Z01202047001','GA','2011-07-21','tam.nguyen_A'),('Z012020470010009','Z01202047001','MW','2011-07-21','Tony.Gao'),('Z012020470010010','Z01202047001','HR','2011-07-21','Thùy'),('Z012020470010011','Z01202047001','TB','2011-07-21','Server IT'),('Z012020470010012','Z01202047001','AD','2011-07-21','Hse-dung.nguyen'),('Z012020470010013','Z01202047001','AD','2011-07-21','thao.duong'),('Z012020470010014','Z01202047001','DVG','2011-09-19','Trần Ái Nhi'),('Z012020470010015','Z01202047001','MW','2011-09-19','Nguyen Cuc'),('Z012020470010016','Z01202047001','MW','2011-09-19','Van Ta'),('Z012020470010017','Z01202047001','IE','2011-09-19',' Lê Thị Kiều Trang'),('Z012020470010018','Z01202047001','GA','2011-09-19','minh.le'),('Z012020470010019','Z01202047001','QA','2011-09-19','THY HUỲNH'),('Z012020470010020','Z01202047001','PU','2011-09-19','Bui Thi Xuan An'),('Z012020470010021','Z01202047001','PP','2011-09-19','Carol'),('Z012020470010022','Z01202047001','PU','2011-09-19','Truong Thi Bao Thu'),('Z012020470010023','Z01202047001','PU','2011-09-19','Tran Thi Anh Dao'),('Z012020470010024','Z01202047001','IE','2011-10-13',' Tran Thi Hong Phan'),('Z012020470010025','Z01202047001','CO','2011-10-13','Nguyễn Thị Diễm My'),('Z012020470010026','Z01202047001','PL','2011-10-13','Vy.nguyen'),('Z012020470010027','Z01202047001','PL','2011-10-13','Daphne.liu'),('Z012020470010028','Z01202047001','PU','2011-10-13','Nguyen Thi Tu Quyen'),('Z012020470010029','Z01202047001','E5','2011-10-13','Julia Mok'),('Z012020470010030','Z01202047001','GA','2011-10-13','cheryl.wei'),('Z012020470010031','Z01202047001','TB','2011-10-13','Thuy Trang'),('Z012020470010032','Z01202047001','TB','2011-10-13','Whs Tho. Tran'),('Z012020470010033','Z01202047001','TB','2011-10-13','Nhung.Nguyen'),('Z012020470010034','Z01202047001','TB','2011-10-24','Yongjun.zou'),('Z012020470010035','Z01202047001','GA','2011-10-24','vuong.tran'),('Z012020470010036','Z01202047001','PL','2011-10-24','Phấn'),('Z012020470010037','Z01202047001','PL','2011-10-24','Vinh'),('Z012020470010038','Z01202047001','HR','2011-10-24','T.Nguyên'),('Z012020480000001','Z01202048000','FI','2011-11-15','loan.nguyen'),('Z012020480000002','Z01202048000','FI','2011-11-15','nga.huynh'),('Z012020480000003','Z01202048000','FI','2011-11-15','khanh.tran'),('Z012020480000004','Z01202048000','NO','2011-11-15','Linh.le'),('Z012020480000005','Z01202048000','PCCO','2011-11-15','Tăng Thị Diệu Linh'),('Z012020480000006','Z01202048000','SR','2011-11-16','Phạm Văn Vác'),('Z012020480000007','Z01202048000','DVG','2011-11-16','Nguyễn Hoàng Huy'),('Z012020480000008','Z01202048000','PU','2011-11-16','Lai Kim Thuan'),('Z012020480000009','Z01202048000','DVG','2011-11-16','Võ Phú Thọ'),('Z012020480000010','Z01202048000','PU','2011-11-16','Vo Thi Bich Tuyen'),('Z012020480000011','Z01202048000','DVC','2011-11-24','Đào Trung Nhân'),('Z012020480000012','Z01202048000','DVG','2011-11-24','Pattern room'),('Z012020480000014','Z01202048000','PP','2011-11-30','Bob Cheng'),('Z012020480000015','Z01202048000','CO','2011-11-30','Lê Thị Ngọc Duyên'),('Z012020480000017','Z01202048000','CO','2011-11-30','Nguyễn Tài Năng'),('Z012020480000018','Z01202048000','QA','2011-11-30','NGÂN NGUYỄN'),('Z012020480000019','Z01202048000','QA','2011-12-07','DATA COLOR'),('Z012020480000020','Z01202048000','QA','2011-12-07','IDS KID'),('Z012020480000021','Z01202048000','QA','2011-12-07','GIANG NGUYỄN'),('Z012020490000001','Z01202049000','DVG','2011-11-30','Lê Thị The'),('Z012020490000002','Z01202049000','PCCO','2011-11-30','Andrew Liu'),('Z012020520010001','Z01202052001','IT','2011-07-21','Server'),('Z012020520010002','Z01202052001','IT','2011-07-21','VU 2'),('Z012020530010001','Z01202053001','HR','2011-07-29','Sương'),('Z012020540010001','Z01202054001','FI','2011-08-25','mai.trinh'),('Z012020540010002','Z01202054001','AD','2011-08-25','doc-thao.huynh'),('Z012020540010003','Z01202054001','TA','2011-08-25','Đặng Phương Nam'),('Z012020540010004','Z01202054001','HR','2011-08-25','Linh'),('Z012020540010005','Z01202054001','PL','2011-08-25','Vũ'),('Z012020540010006','Z01202054001','QA','2011-08-25','WU XUE MEI'),('Z012020540010007','Z01202054001','QA','2011-08-25','NHƯ HUỲNH'),('Z012020540010008','Z01202054001','PL','2011-08-25','Tai'),('Z012020540010009','Z01202054001','PL','2011-08-25','Xuan'),('Z012020540010010','Z01202054001','PL','2011-08-25','Thao.nguyen_A'),('Z012020540010011','Z01202054001','DVC','2011-09-21','Phạm Thị Thơm'),('Z012020540010012','Z01202054001','HR','2011-09-21','Diem'),('Z012020540010013','Z01202054001','IT','2011-09-21','VŨ'),('Z012020540010014','Z01202054001','IT','2011-09-21','IT013'),('Z012020540010015','Z01202054001','PCCO','2011-09-21','Nguyễn Ngọc Linh'),('Z012020540010016','Z01202054001','PCCO','2014-07-29','Tony Duan'),('Z012020540020001','Z01202054002','FI','2012-05-08','huong.le'),('Z012020540020002','Z01202054002','GA','2012-05-08','ga-chung.thieu'),('Z012020540020003','Z01202054002','GA','2012-05-08','Bảo vệ nội bộ'),('Z012020540020004','Z01202054002','GA','2012-05-08','tam.nguyen'),('Z012020540020005','Z01202054002','AD','2012-05-08','thao.nguyen_C'),('Z012020540020006','Z01202054002','AD','2012-05-08','hse-tri.do'),('Z012020540020007','Z01202054002','AD','2012-05-08','doc-oanh.duong'),('Z012020540020008','Z01202054002','NO','2012-05-08','Qui.le'),('Z012020540020009','Z01202054002','TA','2012-05-08','Trần Thị Kim Hoa'),('Z012020540020010','Z01202054002','TB','2012-05-08','Giang.tran'),('Z012020540020011','Z01202054002','PCCO','2012-05-08','Nguyễn Thị Hoài Quý'),('Z012020540020012','Z01202054002','PCCO','2012-05-08','Võ Thị Linh'),('Z012020540020013','Z01202054002','DVG','2012-05-08','Phạm Thị Ngọc Hân'),('Z012020540020014','Z01202054002','PCCO','2012-05-08','Lê Thị Kim Hoa'),('Z012020540020015','Z01202054002','PCCO','2012-05-08','Nguyễn Thị Thanh Loan'),('Z012020540020016','Z01202054002','DVG','2012-05-08','Võ Thị Kiều Duyên'),('Z012020540020017','Z01202054002','F3','2012-05-08','NGUYỄN VĂN LỢI'),('Z012020540020018','Z01202054002','NO','2012-05-08','Tien.dang'),('Z012020540020019','Z01202054002','TB','2012-05-08','Sixiu.cai'),('Z012020540020020','Z01202054002','MW','2012-05-08','Linh.Huynh_A'),('Z012020540020021','Z01202054002','MW','2012-05-08','nguyet.vo_A'),('Z012020540020022','Z01202054002','MW','2012-05-08','Hang.Vo'),('Z012020540020023','Z01202054002','F3','2012-05-08','ETON'),('Z012020540020024','Z01202054002','F3','2012-05-08','NGÔ THỊ KIỀU OANH'),('Z012020540020025','Z01202054002','F4','2012-05-08','thoa.vo'),('Z012020540020026','Z01202054002','DVG','2012-05-08','Lê Kiều Trang'),('Z012020540020027','Z01202054002','PP','2012-05-08','NGUYỄN THỊ DIỄM HƯƠNG   '),('Z012020540020028','Z01202054002','F3','2012-05-08','HIỆN TRƯỜNG'),('Z012020540020029','Z01202054002','PP','2012-05-08','NGUYEN THI NGOC OANH'),('Z012020540020030','Z01202054002','AD','2012-05-08','tam.tran_B'),('Z012020540020031','Z01202054002','PL','2012-05-08','Nga.nguyen'),('Z012020550010001','Z01202055001','FI','2011-09-21','le.nguyen'),('Z012020550010002','Z01202055001','PP','2011-09-21','Trần Thị Vân Anh'),('Z012020550010003','Z01202055001','FI','2011-09-21','acc-thuy.nguyen'),('Z012020550010004','Z01202055001','FI','2011-09-21','amy.tsao'),('Z012020550010005','Z01202055001','HR','2011-09-21','Nguyên'),('Z012020550010006','Z01202055001','E5','2012-02-27','Xu Feng'),('Z012020550010007','Z01202055001','PCCO','2012-02-27','Trần Thị Ngân Thoa'),('Z012020550010008','Z01202055001','HR','2012-02-27','Nhi'),('Z012020550010009','Z01202055001','MW','2012-02-27','Son.huynh'),('Z012020550010010','Z01202055001','PP','2012-02-27','Nguyen Thi Non '),('Z012020550010011','Z01202055001','PCCO','2012-02-27','Phan Thị Hồng Nhung'),('Z012020550010012','Z01202055001','TB','2012-02-27','Thu.nguyen'),('Z012020550010013','Z01202055001','PU','2012-02-27','Nguyen Thi Ngoc Diep'),('Z012020550010014','Z01202055001','IE','2012-02-27',' Tran Ngoc My'),('Z012020550010015','Z01202055001','IE','2012-02-27','Tran Quoc Hung'),('Z012020550010016','Z01202055001','E5','2012-02-27','Wang Yong Jin'),('Z012020550010017','Z01202055001','IT','2012-02-27','Tài'),('Z012020550010018','Z01202055001','IT','2012-02-27',''),('Z012020550020001','Z01202055002','IT','2011-11-30',''),('Z012030100020001','Z01203010002','HR','2012-06-28','Loan'),('Z012030100020002','Z01203010002','HR','2012-06-28','Hà'),('Z012030100020003','Z01203010002','HR','2012-06-28','Nga'),('Z012030100020004','Z01203010002','HR','2012-06-28','Phương'),('Z012030100020005','Z01203010002','HR','2012-06-28','T.Trang'),('Z012030100020006','Z01203010002','HR','2012-06-28','Hoàng'),('Z012030100020007','Z01203010002','HR','2012-06-28','Sang'),('Z012030100020008','Z01203010002','E5','2012-06-28','Huynh Linh'),('Z012030100020009','Z01203010002','HR','2012-06-28','Training'),('Z012030100020010','Z01203010002','MW','2012-06-28','Huyen.Tran'),('Z012030100020011','Z01203010002','PP','2012-06-28','Nguyễn Thị Thu Hai'),('Z012030100020012','Z01203010002','IE','2012-06-28','Nguyen Thi Kim Anh'),('Z012030100020013','Z01203010002','F4','2012-06-28','truc.phan'),('Z012030100020014','Z01203010002','PP','2012-06-28','PHAN THỊ KIỀU LINH'),('Z012030100020015','Z01203010002','PP','2012-06-28','Lê Thị Kim Loan'),('Z012030100020016','Z01203010002','E5','2012-06-28','Tram.Tran'),('Z012030100020017','Z01203010002','E3','2012-06-28','Nguyen Thi Hoai Thuong'),('Z012030100020018','Z01203010002','AD','2012-06-28','chuong.le'),('Z012030100020019','Z01203010002','GA','2012-06-28','Bảo vệ nội bộ'),('Z012030100020020','Z01203010002','NO','2012-06-28','Truc.vo'),('Z012030100020021','Z01203010002','NO','2012-06-28','tam.truong'),('Z012030100020022','Z01203010002','NO','2012-06-28','tho.dang'),('Z012030100020023','Z01203010002','MW','2012-06-28','Duy.Vo'),('Z012030100020024','Z01203010002','MW','2012-06-28','Loan.vo'),('Z012030100020025','Z01203010002','MW','2012-06-28','Thuy.nguyen'),('Z012030100020026','Z01203010002','MW','2012-06-28','Linh.huynh_B'),('Z012030100020027','Z01203010002','MW','2012-06-28','Nhu.ho'),('Z012030100020028','Z01203010002','MW','2012-06-28','Diem.pham'),('Z012030100020029','Z01203010002','HR','2012-06-28','Thanh'),('Z012030100020030','Z01203010002','HR','2012-06-28','Chi'),('Z012030100020031','Z01203010002','PL','2012-06-28','Thanh'),('Z012030100020032','Z01203010002','GA','2012-06-28','ngan.le'),('Z012030100020033','Z01203010002','HR','2012-06-28','Tuyển dụng'),('Z012030100020034','Z01203010002','GA','2012-06-28','danny.lee'),('Z012030100020035','Z01203010002','HR','2012-06-28',''),('Z012030100020036','Z01203010002','HR','2012-06-28','Xuyến'),('Z012030100020037','Z01203010002','PU','2012-06-28','Nguyen Trang Thao'),('Z012030100020038','Z01203010002','PU','2012-06-28','Le Thi Kieu Loan'),('Z012030100020039','Z01203010002','PU','2012-06-28','Nguyen Thi Cam Van'),('Z012030100020040','Z01203010002','TB','2012-06-28','Yuanlin.huang'),('Z012030100020041','Z01203010002','SR','2012-06-28','Lê Thị Mỹ Linh'),('Z012030100020042','Z01203010002','F3','2012-06-28','HỒ THỊ TRÀ MI'),('Z012030100020043','Z01203010002','F3','2012-06-28','WANG CONG HONG'),('Z012030100020044','Z01203010002','F2','2012-06-28','Cuong.Dang'),('Z012030100020045','Z01203010002','F3','2012-06-28','TRẦN THỊ HỒNG NHI'),('Z012030100020046','Z01203010002','SR','2012-06-28','Nguyễn Thị Kiều Nga'),('Z012030100020047','Z01203010002','F3','2012-06-28','TÔ HOÀI KHÁNH'),('Z012030100020048','Z01203010002','QA','2012-06-28','HUỆ NGUYỄN'),('Z012030100020049','Z01203010002','PU','2012-06-28','Nguyen Ngoc Quynh Diem'),('Z012030100020050','Z01203010002','TA','2012-06-28','Phạm Hồng Vân'),('Z012030100020051','Z01203010002','AD','2012-08-07','david.chang'),('Z012030100020052','Z01203010002','GA','2012-08-07','doc-tuy.nguyen'),('Z012030100020053','Z01203010002','PU','2012-08-07','Nguyen Thi Kim Thoai'),('Z012030100020054','Z01203010002','DVC','2012-08-07','Trần Thị Thanh Tuyền'),('Z012030100020055','Z01203010002','PCCO','2012-08-07','Ngô Thị Hồng Luyến'),('Z012030100020056','Z01203010002','E6','2012-08-07','Dung.Tran'),('Z012030100020057','Z01203010002','F3','2012-08-07','NGUYỄN AN HOA PHƯỢNG'),('Z012030100020058','Z01203010002','E1','2012-08-01','LÊ THỊ NGỌC HUYỀN (MST19911)'),('Z012030100020059','Z01203010002','IT','2012-08-01','IT007'),('Z012030100020060','Z01203010002','CO','2012-08-01','Vũ Thị Tuyến'),('Z012030100020061','Z01203010002','IT','2012-08-01','P. Kỷ thuật'),('Z012030100020062','Z01203010002','E6','2012-08-01','Thoa.Nguyen'),('Z012030100020063','Z01203010002','FI','2012-09-24','hong.dinh'),('Z012030100020064','Z01203010002','FI','2012-09-24','hang.luu'),('Z012030100020065','Z01203010002','F3','2012-09-24','LÊ TRẦN THỤC QUYÊN'),('Z012030100020066','Z01203010002','F3','2012-09-24','PHẠM TRÚC LOAN'),('Z012030100020067','Z01203010002','F3','2012-09-24','ĐÀM THỊ LINH'),('Z012030100020068','Z01203010002','F3','2012-09-24','NGUYỄN THỊ CÚC'),('Z012030100020069','Z01203010002','NO','2012-09-24','Tuyen.bui'),('Z012030100020070','Z01203010002','CO','2012-09-24','Nguyễn Kim Khoa'),('Z012030100020071','Z01203010002','PU','2012-09-24','Paula'),('Z012030100020072','Z01203010002','TA','2012-09-24','Đặng Minh Kha'),('Z012030100020073','Z01203010002','F4','2012-09-24','huong.nguyen'),('Z012030100020074','Z01203010002','F3','2012-11-27','NGUYỄN VĂN TRỌNG'),('Z012030100020075','Z01203010002','F3','2012-11-27','NGÔ THỊ TÔ NI'),('Z012030100020076','Z01203010002','PL','2012-11-27','Yan Xiao Ming'),('Z012030100020077','Z01203010002','PL','2012-11-27','TUYEN'),('Z012030100020078','Z01203010002','BM','2012-11-27','WANG HONG BO'),('Z012030100020079','Z01203010002','IT','2012-11-27','Neymar'),('Z012030100030001','Z01203010003','NO','2014-04-22','Hoa.cao'),('Z012030100030002','Z01203010003','F2','2014-04-22','Ngan.nguyen'),('Z012030100030003','Z01203010003','HR','2014-06-21','Thảo'),('Z012030100030004','Z01203010003','HR','2014-06-21','Triết'),('Z012030100030005','Z01203010003','QA','2014-07-19','NHỰT LÊ'),('Z012030100030006','Z01203010003','FI','2014-09-11','dung.tran_A'),('Z012030100030007','Z01203010003','PCCO','2014-09-11','Bùi Thị Thanh Nhàn'),('Z012030100030008','Z01203010003','F3','2014-09-11','YUAN HONG'),('Z012030100030009','Z01203010003','PP','2014-09-11','ĐẶNG THỊ KIM LINH  '),('Z012030100030010','Z01203010003','F2','2014-09-11','Nguyen Thi No'),('Z012030100030011','Z01203010003','IT','2014-09-11','IT008'),('Z012030100030012','Z01203010003','PP','2014-09-11','ĐẶNG CHÍ TÂM '),('Z012030100030013','Z01203010003','PU','2014-10-01','Le Thi Thuy Linh'),('Z012030100030014','Z01203010003','NO','2014-10-01','James'),('Z012030100030015','Z01203010003','F3','2014-10-01','RUBBER .LIN'),('Z012030100030016','Z01203010003','F3','2014-10-25','NGUYỄN THỊ HỒNG PHÚC'),('Z012030100030017','Z01203010003','E1','2014-11-07','文華平'),('Z012030100030018','Z01203010003','F4','2014-11-07','xiong xian xiang'),('Z012030100030019','Z01203010003','F4','2014-11-24','tan.qin'),('Z012030100030020','Z01203010003','DVG','2015-01-19','Phùng Thị Ngân'),('Z012030100030021','Z01203010003','DVG','2015-01-19','Đặng Thị Hồng Phúc'),('Z012030100030022','Z01203010003','DVG','2015-01-19','Lương Thị Kim Ngân'),('Z012030100030023','Z01203010003','DVC','2015-01-19','Trương Minh Hiếu'),('Z012030100030024','Z01203010003','DVG','2015-01-19','Châu Thị Diễm Thùy'),('Z012030100030025','Z01203010003','DVG','2015-01-19',''),('Z012030100030026','Z01203010003','CO','2015-01-19','Dương Thị Dĩ'),('Z012030100030027','Z01203010003','CO','2015-01-19','Zach'),('Z012030100030028','Z01203010003','NO','2015-01-23','Vinh.ho'),('Z012030100030029','Z01203010003','NO','2015-01-23','Tin.nguyen'),('Z012030100030030','Z01203010003','NO','2015-01-23','thoa.nguyen_A'),('Z012030100030031','Z01203010003','NO','2015-01-23','ngoc.tran'),('Z012030100030032','Z01203010003','NO','2015-01-23','loan.nguyen'),('Z012030100030033','Z01203010003','NO','2015-01-23','the.tran'),('Z012030100030034','Z01203010003','DVG','2015-02-12','Voong Và Sáng'),('Z012030100030035','Z01203010003','DVG','2015-02-12','Võ Thị Tuyết Mai'),('Z012030100030036','Z01203010003','DVC','2015-02-12','Nguyễn Tiến Phát'),('Z012030100030037','Z01203010003','DVC','2015-02-12','Đặng Thị Thúy Diễm'),('Z012030100030038','Z01203010003','FI','2015-02-12','van.le'),('Z012030100030039','Z01203010003','FI','2015-02-12','thoa.luong'),('Z012030100040001','Z01203010004','GA','2015-03-19','dung.phan'),('Z012030100040002','Z01203010004','CO','2015-03-19','Huỳnh Trường Giang'),('Z012030100040003','Z01203010004','PP','2015-04-23','Trần Thanh Thủy '),('Z012030100040004','Z01203010004','PP','2015-05-09','Vương Thị Kim Sen'),('Z012030100040005','Z01203010004','AD','2015-06-17','nhung.pham'),('Z012030100040006','Z01203010004','AD','2015-06-17','ngoc.pham'),('Z012030100040007','Z01203010004','AD','2015-06-17','xuyen.le'),('Z012030100040008','Z01203010004','PP','2015-06-17','Nguyễn Thị Vô '),('Z012030100040009','Z01203010004','PCCO','2015-06-25','Tara Chen'),('Z012030100040010','Z01203010004','IT','2015-07-09','Bocard'),('Z012030100040011','Z01203010004','IT','2015-07-09','Hsiang'),('Z012030100040012','Z01203010004','IT','2015-07-09','Jerry'),('Z012030100040013','Z01203010004','DVC','2015-07-09','Huỳnh Trần Minh Tuyết'),('Z012030100040014','Z01203010004','DVG','2015-07-09','Phan Thị Kim Luôn'),('Z012030100040015','Z01203010004','PL','2015-07-09','Thịnh'),('Z012030100040016','Z01203010004','FI','2015-07-11','Ella.chen'),('Z012030100040017','Z01203010004','CO','2015-07-11','Dương Thị Tuyết Nữ'),('Z012030100040018','Z01203010004','PL','2015-07-11','Phú'),('Z012030100040019','Z01203010004','F1','2015-07-11','WU CHIH YUAN(FULI)'),('Z012030100040020','Z01203010004','HR','2015-07-11','Mi'),('Z012030100040021','Z01203010004','DVC','2015-07-11','Trần Lệ Trinh'),('Z012030100040022','Z01203010004','NO','2015-08-22','tam.mai'),('Z012030100040023','Z01203010004','PP','2015-08-22','Trần Thị Diễm My'),('Z012030100040024','Z01203010004','PCCO','2015-08-22','Võ Thị Ái'),('Z012030100040025','Z01203010004','GA','2015-08-22','ga-tho.to'),('Z012030100040026','Z01203010004','HR','2015-08-22','Victoria'),('Z012030100040027','Z01203010004','SR','2015-09-21','Lê Văn Lợi'),('Z012030100040028','Z01203010004','F4','2015-09-21','luo.ling'),('Z012030100040029','Z01203010004','F1','2015-09-21','CHEN CHIH HAO(RICK)'),('Z012030100040030','Z01203010004','F1','2015-09-21','TRẦN THỊ DỊ'),('Z012030100040031','Z01203010004','F1','2015-09-21','NGUYỄN THỊ CHÂU SÁNG'),('Z012030100040032','Z01203010004','F1','2015-09-21','LÂM KIM LIÊN'),('Z012030100040033','Z01203010004','F1','2015-09-21','NGUYỄN THỊ MY SA'),('Z012030100040034','Z01203010004','PP','2015-10-21','Trần Thị Diễm'),('Z012030100040035','Z01203010004','NO','2015-10-21','tom'),('Z012030100040036','Z01203010004','PL','2015-10-21','TRANG'),('Z012030100040037','Z01203010004','POD','2015-10-21','Nguyễn Phi Hùng(17381)'),('Z012030100040038','Z01203010004','PP','2015-10-14','Trần Thị Diệu Tâm'),('Z012030100040039','Z01203010004','MW','2015-10-14','Tony.Gao'),('Z012030100040040','Z01203010004','PL','2015-10-14','Trang.le'),('Z012030100040041','Z01203010004','F1','2015-10-23','ZENG MIAO SHENG'),('Z012030100040042','Z01203010004','F1','2015-11-20','LÊ TRUNG HIẾU'),('Z012030100040043','Z01203010004','F1','2015-11-20','NGUYỄN THẢO NGỌC'),('Z012030100040044','Z01203010004','F1','2015-11-20','HSU CHI CHIA(AKA)'),('Z012030100040045','Z01203010004','HR','2015-11-20','Tính'),('Z012030100040046','Z01203010004','IE','2015-12-08','Tran Thi Phuong'),('Z012030100040047','Z01203010004','MW','2015-12-28','Loan.nguyen_B'),('Z012030100040048','Z01203010004','PP','2015-12-28','NGUYỄN THỊ TRÚC PHƯƠNG'),('Z012030100040049','Z01203010004','POD','2016-02-02','Chien.Chao'),('Z012030100040050','Z01203010004','PL','2016-03-05','Hương'),('Z012030100040051','Z01203010004','NO','2016-03-05','Frank.Yang'),('Z012030100040052','Z01203010004','F1','2016-03-08','TRẦN THỊ MAI CHI'),('Z012030100040053','Z01203010004','F1','2016-03-08','PHẠM THỊ LAN'),('Z012030100040054','Z01203010004','F1','2016-03-08','TẠ HOÀNG HUẾ PHƯƠNG'),('Z012030100040055','Z01203010004','F1','2016-03-08','NGUYỄN THỊ KIỀU OANH'),('Z012030100040056','Z01203010004','F1','2016-03-08','PHAN THỊ HOÀNG MỸ'),('Z012030100040057','Z01203010004','F1','2016-03-08','NGUYỄN HỒNG NHI'),('Z012030100040058','Z01203010004','PU','2016-03-08','Nguyen Thi Thuy An'),('Z012030100040059','Z01203010004','PL','2016-03-14','PLAN024'),('Z012030100040060','Z01203010004','FI','2016-04-14','trinh.vo'),('Z012030100040061','Z01203010004','PP','2016-04-14','Huỳnh Thị Ngọc Bích'),('Z012030100040062','Z01203010004','NO','2016-04-14','Andon -1'),('Z012030100040063','Z01203010004','NO','2016-04-14','Andon -2'),('Z012030100040064','Z01203010004','DVC','2016-05-27','Lê Thị Thúy Duy'),('Z012030100040065','Z01203010004','F1','2016-05-21','HUỲNH THỊ KHÁNH MAI'),('Z012030100040066','Z01203010004','F1','2016-05-21','TRẦN THỊ PHÊ'),('Z012030100040067','Z01203010004','F1','2016-05-21','WU CHIA CHENG(AKA)'),('Z012030100040068','Z01203010004','F1','2016-05-21','LÊ THỊ DÂN'),('Z012030100040069','Z01203010004','E2','2016-05-27','XIANGLI (NC 019)HIỆN TRƯỜNG'),('Z012030100040070','Z01203010004','QA','2016-06-10','MICROSCOPE'),('Z012030100040071','Z01203010004','POD','2016-06-24','Châu Thị Hoàng Anh(19909)'),('Z012030100040072','Z01203010004','POD','2016-06-24','Đặng Thị Trúc Uyên(21861)'),('Z012030100040073','Z01203010004','PP','2016-06-24','Daly Gang'),('Z012030100040074','Z01203010004','PL','2016-06-24','Viet.dang'),('Z012030100040075','Z01203010004','PCCO','2016-06-24','Samuel'),('Z012030100040077','Z01203010004','E2','2016-06-24','HUỲNH THỊ NGOAN(4428)'),('Z012030100040078','Z01203010004','E2','2016-06-24','LƯƠNG THỊ KIM THOA(07467)'),('Z012030100040079','Z01203010004','E2','2016-06-24','XIANGLI (NC 019)'),('Z012030100040080','Z01203010004','E1','2016-06-24','NGUYỄN THỊ KIỀU TUYÊN (MST 20517)'),('Z012030100050001','Z01203010005','NO','2015-07-11','nang.pham'),('Z012030120010001','Z01203012001','FI','2011-07-21','huong.le'),('Z012030120010002','Z01203012001','GA','2011-07-21','ga-tam.ha'),('Z012030120010003','Z01203012001','GA','2011-07-21','ga-bich.nguyen/ linh.tran'),('Z012030120010004','Z01203012001','HR','2011-07-21','Hằng'),('Z012030120010005','Z01203012001','HR','2011-07-21',''),('Z012030120010006','Z01203012001','MW','2011-07-21','Tony.Gao'),('Z012030120010007','Z01203012001','DVG','2011-07-21','Nguyễn Hoàng Huy'),('Z012030120010008','Z01203012001','CO','2011-07-21','Vũ Thị Tuyến'),('Z012030120010009','Z01203012001','QA','2011-07-21','NGÂN NGUYỄN'),('Z012030120010010','Z01203012001','QA','2011-07-21','MÁY RÀ ĐINH'),('Z012030120010011','Z01203012001','PU','2011-07-21','Paula'),('Z012030120010012','Z01203012001','PU','2011-07-21','Bui Thi Xuan An'),('Z012030120010013','Z01203012001','IE','2011-07-21',' Tran Thi Hong Phan'),('Z012030120010014','Z01203012001','PL','2011-09-19','Vy.nguyen'),('Z012030120010015','Z01203012001','IT','2011-09-19','Server'),('Z012030120010016','Z01203012001','IT','2011-09-19','Server'),('Z012030120010017','Z01203012001','GA','2011-09-19','tam.nguyen_A'),('Z012030170000001','Z01203017000','FI','2011-11-15','mai.trinh'),('Z012030170000002','Z01203017000','FI','2011-11-15','loan.nguyen'),('Z012030170000003','Z01203017000','FI','2011-11-15','khanh.tran'),('Z012030170000004','Z01203017000','HR','2011-11-15','Cloud'),('Z012030170000005','Z01203017000','HR','2011-11-15','Sương'),('Z012030170000006','Z01203017000','HR','2011-11-16','Training'),('Z012030170000007','Z01203017000','AD','2011-11-16','chuong.le'),('Z012030170000008','Z01203017000','NO','2011-11-16','Tuyen.bui'),('Z012030170000009','Z01203017000','PCCO','2011-11-16','Tăng Thị Diệu Linh'),('Z012030170000010','Z01203017000','SR','2011-11-16','Phạm Văn Vác'),('Z012030170000011','Z01203017000','DVG','2011-11-24','Võ Phú Thọ'),('Z012030170000012','Z01203017000','DVG','2011-11-24','Trần Ái Nhi'),('Z012030170000013','Z01203017000','DVC','2011-11-24','Đào Trung Nhân'),('Z012030170000014','Z01203017000','DVG','2011-11-30','Pattern room'),('Z012030170000015','Z01203017000','CO','2011-11-30','Lê Thị Ngọc Duyên'),('Z012030170000017','Z01203017000','CO','2011-11-30','Nguyễn Tài Năng'),('Z012030170000018','Z01203017000','MW','2011-11-30','Huyen.Tran'),('Z012030170000019','Z01203017000','NO','2011-12-07','tom'),('Z012030170000020','Z01203017000','IT','2011-12-07',''),('Z012030170000021','Z01203017000','QA','2011-12-07','IDS KID'),('Z012030170000022','Z01203017000','PU','2011-10-24','Lai Kim Thuan'),('Z012030170000023','Z01203017000','PU','2011-10-24','Truong Thi Bao Thu'),('Z012030170000024','Z01203017000','PU','2011-10-24','Vo Thi Bich Tuyen'),('Z012030170000025','Z01203017000','PL','2011-10-24','Daphne.liu'),('Z012030170000026','Z01203017000','PU','2011-10-24','Nguyen Thi Tu Quyen'),('Z012030170000027','Z01203017000','PL','2011-10-24','Vũ'),('Z012030170000028','Z01203017000','PL','2011-10-13','Phấn'),('Z012030170000029','Z01203017000','PL','2011-10-13','Thanh'),('Z012030170000030','Z01203017000','GA','2011-10-13','vuong.tran'),('Z012030170000031','Z01203017000','IT','2011-10-13','P. Kỷ thuật'),('Z012030170000032','Z01203017000','TB','2011-10-13','Nhung.Nguyen'),('Z012030170000033','Z01203017000','QA','2011-10-13','DATA COLOR'),('Z012030170000034','Z01203017000','IE','2012-01-06',' Lê Thị Kiều Trang'),('Z012030170000035','Z01203017000','F3','2012-06-28','NGUYỄN VĂN LỢI'),('Z012030170000036','Z01203017000','PCCO','2012-10-25','Ngô Thị Hồng Luyến'),('Z012030170010036','Z01203017001','FI','2011-11-02','hang.luu'),('Z012030170010037','Z01203017001','FI','2011-11-02','phuong.luu'),('Z012030170010038','Z01203017001','GA','2011-11-02','cheryl.wei'),('Z012030170010039','Z01203017001','GA','2011-08-25','ga-chung.thieu'),('Z012030170010040','Z01203017001','GA','2011-08-25','Bảo vệ nội bộ'),('Z012030170010041','Z01203017001','GA','2011-08-25','tam.nguyen'),('Z012030170010042','Z01203017001','AD','2011-08-25','Hse-dung.nguyen'),('Z012030170010043','Z01203017001','AD','2011-08-25','doc-thao.huynh'),('Z012030170010044','Z01203017001','AD','2011-08-25','thao.nguyen_C'),('Z012030170010045','Z01203017001','AD','2011-08-25','hse-tri.do'),('Z012030170010046','Z01203017001','AD','2011-08-25','doc-oanh.duong'),('Z012030170010047','Z01203017001','NO','2011-08-25','Linh.le'),('Z012030170010048','Z01203017001','NO','2011-08-25','Qui.le'),('Z012030170010049','Z01203017001','HR','2011-09-21','Linh'),('Z012030170010050','Z01203017001','PCCO','2011-09-21','Nguyễn Ngọc Linh'),('Z012030170010051','Z01203017001','QA','2011-09-21','HUỆ NGUYỄN'),('Z012030170010052','Z01203017001','DVG','2011-09-21','Võ Thị Kiều Duyên'),('Z012030170010053','Z01203017001','HR','2012-05-08','Diem'),('Z012030170010054','Z01203017001','PCCO','2012-05-08','Nguyễn Thị Thanh Loan'),('Z012030170010055','Z01203017001','PU','2012-05-08','Nguyen Ngoc Quynh Diem'),('Z012030170010056','Z01203017001','PCCO','2012-05-08','Trần Thị Ngân Thoa'),('Z012030170010057','Z01203017001','PCCO','2012-05-08','Phan Thị Hồng Nhung'),('Z012030170010058','Z01203017001','TA','2012-05-08','Trần Thị Kim Hoa'),('Z012030170010059','Z01203017001','PCCO','2012-05-08','Võ Thị Linh'),('Z012030170010060','Z01203017001','PCCO','2012-05-08','Nguyễn Thị Hoài Quý'),('Z012030170010061','Z01203017001','PCCO','2012-05-08','Lê Thị Kim Hoa'),('Z012030170010062','Z01203017001','MW','2012-05-08','Nguyen Cuc'),('Z012030170010063','Z01203017001','PCCO','2012-05-08','Tony Duan'),('Z012030170010064','Z01203017001','MW','2012-05-08','nguyet.vo_A'),('Z012030170010065','Z01203017001','F3','2012-05-08','NGÔ THỊ KIỀU OANH'),('Z012030170010066','Z01203017001','MW','2012-05-08','Hang.Vo'),('Z012030170010067','Z01203017001','F3','2012-05-08','ETON'),('Z012030170010068','Z01203017001','MW','2012-05-08','Linh.Huynh_A'),('Z012030170010069','Z01203017001','MW','2012-05-08','Tony.Gao'),('Z012030170010070','Z01203017001','GA','2012-05-08','minh.le'),('Z012030170010071','Z01203017001','F4','2012-05-08','thoa.vo'),('Z012030170010072','Z01203017001','DVG','2012-05-08','Lê Kiều Trang'),('Z012030170010073','Z01203017001','PP','2012-05-08','NGUYỄN THỊ DIỄM HƯƠNG   '),('Z012030170010074','Z01203017001','PP','2012-05-08','NGUYEN THI NGOC OANH'),('Z012030170010075','Z01203017001','F3','2012-05-08','HIỆN TRƯỜNG'),('Z012030170010076','Z01203017001','HR','2012-05-08','Thùy'),('Z012030170010077','Z01203017001','TA','2012-05-08','Đặng Phương Nam'),('Z012030170010078','Z01203017001','QA','2012-05-08','WU XUE MEI'),('Z012030170010079','Z01203017001','QA','2012-05-08','NHƯ HUỲNH'),('Z012030170010080','Z01203017001','QA','2012-05-08','GIANG NGUYỄN'),('Z012030170010081','Z01203017001','PL','2012-05-08','Tai'),('Z012030170010082','Z01203017001','PL','2012-05-08','Xuan'),('Z012030170010083','Z01203017001','IE','2012-05-08',' Tran Ngoc My'),('Z012030170010084','Z01203017001','NO','2012-06-28','Tien.dang'),('Z012030170010085','Z01203017001','HR','2012-06-28','Hà'),('Z012030170010086','Z01203017001','HR','2012-06-28','Nga'),('Z012030170010087','Z01203017001','HR','2012-06-28','Phương'),('Z012030170010088','Z01203017001','HR','2012-06-28','T.Trang'),('Z012030170010089','Z01203017001','HR','2012-06-28','Hoàng'),('Z012030170010090','Z01203017001','HR','2012-06-28','Sang'),('Z012030170010091','Z01203017001','HR','2012-06-28','Nhi'),('Z012030170010092','Z01203017001','HR','2012-06-28','Loan'),('Z012030170010093','Z01203017001','HR','2012-06-28','T.Nguyên'),('Z012030170010094','Z01203017001','PP','2012-06-28','Nguyễn Thị Thu Hai'),('Z012030170010095','Z01203017001','E5','2012-06-28','Huynh Linh'),('Z012030170010096','Z01203017001','F4','2012-06-28','truc.phan'),('Z012030170010097','Z01203017001','PP','2012-06-28','PHAN THỊ KIỀU LINH'),('Z012030170010098','Z01203017001','PP','2012-06-28','Lê Thị Kim Loan'),('Z012030170010099','Z01203017001','E5','2012-06-28','Wang Yong Jin'),('Z012030170010100','Z01203017001','E3','2012-06-28','Nguyen Thi Hoai Thuong'),('Z012030170010101','Z01203017001','AD','2012-06-28','thao.lai'),('Z012030170010102','Z01203017001','GA','2012-06-28','Bảo vệ nội bộ'),('Z012030170010103','Z01203017001','NO','2012-06-28','Truc.vo'),('Z012030170010104','Z01203017001','NO','2012-06-28','tam.truong'),('Z012030170010105','Z01203017001','NO','2012-06-28','tho.dang'),('Z012030170010106','Z01203017001','MW','2012-06-28','Van Ta'),('Z012030170010107','Z01203017001','MW','2012-06-28','Loan.vo'),('Z012030170010108','Z01203017001','MW','2012-06-28','Thuy.nguyen'),('Z012030170010109','Z01203017001','MW','2012-06-28','Linh.huynh_B'),('Z012030170010110','Z01203017001','MW','2012-06-28','Nhu.ho'),('Z012030170010111','Z01203017001','MW','2012-06-28','Diem.pham'),('Z012030170010112','Z01203017001','HR','2012-06-28','Thanh'),('Z012030170010113','Z01203017001','HR','2012-06-28','Chi'),('Z012030170010114','Z01203017001','TB','2012-06-28','Server IT'),('Z012030170010115','Z01203017001','GA','2012-06-28','ngan.le'),('Z012030170010116','Z01203017001','HR','2012-06-28','Tuyển dụng'),('Z012030170010117','Z01203017001','IT','2012-06-28','P.họp IT'),('Z012030170010118','Z01203017001','HR','2012-06-28',''),('Z012030170010119','Z01203017001','HR','2012-06-28','Xuyến'),('Z012030170010120','Z01203017001','PU','2012-06-28','Nguyen Trang Thao'),('Z012030170010121','Z01203017001','PU','2012-06-28','Le Thi Kieu Loan'),('Z012030170010122','Z01203017001','PU','2012-06-28','Nguyen Thi Cam Van'),('Z012030170010123','Z01203017001','TB','2012-06-28','Yuanlin.huang'),('Z012030170010124','Z01203017001','TB','2012-06-28','Ngoc.nhi'),('Z012030170010125','Z01203017001','TB','2012-06-28','Thuy Trang'),('Z012030170010126','Z01203017001','TB','2012-06-28','Whs Tho. Tran'),('Z012030170010127','Z01203017001','TB','2012-06-28','Yongjun.zou'),('Z012030170010128','Z01203017001','TB','2012-06-28','Sixiu.cai'),('Z012030170010129','Z01203017001','TB','2012-06-28','Giang.tran'),('Z012030170010130','Z01203017001','SR','2012-06-28','Lê Thị Mỹ Linh'),('Z012030170010131','Z01203017001','PL','2012-06-28','Nga.nguyen'),('Z012030170010132','Z01203017001','PL','2012-06-28','Thao.nguyen_A'),('Z012030170010133','Z01203017001','PL','2012-06-28','Vinh'),('Z012030170010134','Z01203017001','F3','2012-10-24','HỒ THỊ TRÀ MI'),('Z012030170010135','Z01203017001','F3','2012-10-24','WANG CONG HONG'),('Z012030170010136','Z01203017001','F2','2012-10-24','Cuong.Dang'),('Z012030170010137','Z01203017001','F3','2012-10-24','TRẦN THỊ HỒNG NHI'),('Z012030170010138','Z01203017001','F4','2012-10-24','huong.nguyen'),('Z012030170010139','Z01203017001','F3','2012-10-24','TÔ HOÀI KHÁNH'),('Z012030170010140','Z01203017001','AD','2012-08-07','david.chang'),('Z012030170010141','Z01203017001','GA','2012-08-07','doc-tuy.nguyen'),('Z012030170010142','Z01203017001','PU','2012-08-07','Nguyen Thi Kim Thoai'),('Z012030170010143','Z01203017001','DVC','2012-08-07','Trần Thị Thanh Tuyền'),('Z012030170010144','Z01203017001','SR','2012-08-07','Nguyễn Thị Kiều Nga'),('Z012030170010145','Z01203017001','E6','2012-08-07','Dung.Tran'),('Z012030170010146','Z01203017001','F3','2012-08-07','NGUYỄN AN HOA PHƯỢNG'),('Z012030170010147','Z01203017001','IE','2012-08-01','Tran Quoc Hung'),('Z012030170010148','Z01203017001','PP','2012-08-01','Carol'),('Z012030170010149','Z01203017001','IE','2012-08-01','Nguyen Thi Kim Anh'),('Z012030170010150','Z01203017001','IT','2012-08-01','Server'),('Z012030170010151','Z01203017001','TA','2012-08-01','Phạm Hồng Vân'),('Z012030170010152','Z01203017001','FI','2012-09-24','acc-thuy.nguyen'),('Z012030170010153','Z01203017001','FI','2012-09-24','hong.dinh'),('Z012030170010154','Z01203017001','F3','2012-09-24','LÊ TRẦN THỤC QUYÊN'),('Z012030170010155','Z01203017001','F3','2012-09-24','PHẠM TRÚC LOAN'),('Z012030170010156','Z01203017001','F3','2012-09-24','ĐÀM THỊ LINH'),('Z012030170010157','Z01203017001','F3','2012-09-24','NGUYỄN THỊ CÚC'),('Z012030170010158','Z01203017001','F3','2012-09-24','HIỆN TRƯỜNG'),('Z012030170010159','Z01203017001','CO','2012-09-24','Nguyễn Kim Khoa'),('Z012030170010160','Z01203017001','PU','2012-09-24','Nguyen Thi Ngoc Diep'),('Z012030170010161','Z01203017001','TA','2012-09-24','Đặng Minh Kha'),('Z012030170010162','Z01203017001','PL','2012-09-24','Jonathan Chen'),('Z012030170010163','Z01203017001','E1','2014-07-26','LÊ THỊ NGỌC HUYỀN (MST19911)'),('Z012030170010164','Z01203017001','IT','2014-07-26','VŨ'),('Z012030170010165','Z01203017001','IT','2014-07-26','Trâm'),('Z012030170010166','Z01203017001','IT','2014-07-26','Luân'),('Z012030170010167','Z01203017001','IT','2014-07-26','Cảnh'),('Z012030170010168','Z01203017001','QA','2014-07-26','MÁY RÀ ĐINH'),('Z012030170010169','Z01203017001','QA','2014-07-26','THY HUỲNH'),('Z012030170010170','Z01203017001','AD','2014-07-26','tam.tran_B'),('Z012030170010171','Z01203017001','DVG','2014-07-26','Nguyễn Thị Lệ Thu'),('Z012030170020001','Z01203017002','FI','2012-02-27','le.nguyen'),('Z012030170020002','Z01203017002','PP','2012-02-27','Trần Thị Vân Anh'),('Z012030170020003','Z01203017002','FI','2012-02-27','nga.huynh'),('Z012030170020004','Z01203017002','FI','2012-02-27','amy.tsao'),('Z012030170020005','Z01203017002','HR','2012-02-27','Nguyên'),('Z012030170020006','Z01203017002','DVG','2012-02-27','Phạm Thị Ngọc Hân'),('Z012030170020007','Z01203017002','MW','2012-02-27','Duy.Vo'),('Z012030170020008','Z01203017002','PP','2012-02-27','Nguyen Thi Non '),('Z012030170020009','Z01203017002','E5','2012-02-27','Xu Feng'),('Z012030170020010','Z01203017002','PU','2012-02-27','Tran Thi Anh Dao'),('Z012030170020011','Z01203017002','E5','2012-02-27','Tram.Tran'),('Z012030170020012','Z01203017002','TB','2012-02-27','Thu.nguyen'),('Z012030170030001','Z01203017003','F3','2012-11-27','NGUYỄN VĂN TRỌNG'),('Z012030170030002','Z01203017003','F3','2012-11-27','NGUYỄN THỊ QUỲNH ANH - ĐI SỮA'),('Z012030170030003','Z01203017003','PL','2012-11-27','Yan Xiao Ming'),('Z012030170030004','Z01203017003','PL','2012-11-27','TUYEN'),('Z012030170030005','Z01203017003','E6','2012-11-27','Thoa.Nguyen'),('Z012030170030006','Z01203017003','HR','2012-11-27','Duy'),('Z012030170040001','Z01203017004','PCCO','2013-04-25','Wang Gan Cheng'),('Z012030170040002','Z01203017004','PCCO','2013-04-25','Zhang Hong'),('Z012030170040003','Z01203017004','IT','2013-04-25','Jerry'),('Z012030170050001','Z01203017005','DVC','2015-03-23','Nguyễn Thị Hồng Khanh'),('Z012030170050002','Z01203017005','DVG','2015-03-23','Phạm Duy Phong'),('Z012030170050003','Z01203017005','PCCO','2015-03-23','Szu Szu'),('Z012030170050004','Z01203017005','DVG','2015-03-23','Lê Tuyết Kỳ Kỳ'),('Z012030170060001','Z01203017006','GMO','2015-04-23',''),('Z012030180000001','Z01203018000','DVG','2011-11-30','Lê Thị The'),('Z012030180000002','Z01203018000','PCCO','2011-11-30','Andrew Liu'),('Z012030180010001','Z01203018001','PCCO','2015-01-13','Vương Nhựt Huy'),('Z012030180010002','Z01203018001','IT','2015-01-23','Piazza'),('Z012030180010003','Z01203018001','PP','2015-10-26','Bob Cheng'),('Z012030180010004','Z01203018001','PP','2015-12-28','Daly Gang'),('Z012040150010001','Z01204015001','PCCO','2014-10-25','Ding Pan'),('Z012040230010001','Z01204023001','PP','2012-12-25','Trần Thanh Ngân'),('Z012040230010002','Z01204023001','PP','2012-12-25','VÕ THI THU THÙY '),('Z012040230010003','Z01204023001','PP','2012-12-25','Thân Thị Bích Trang'),('Z012040230010004','Z01204023001','PP','2012-12-25','Mai Trí Thức'),('Z012040230010005','Z01204023001','PP','2012-12-25','Guo yongli'),('Z012040230010006','Z01204023001','E3','2012-12-25','Ngo Thi Huyen Tran'),('Z012040230010007','Z01204023001','AD','2012-12-25','tu.dinh'),('Z012040230010008','Z01204023001','E3','2012-12-25','Nguyen Thanh Treo'),('Z012040230010009','Z01204023001','DVG','2013-07-24','Lê Thị Phương'),('Z012040230010010','Z01204023001','F1','2013-07-24','NGUYỄN THỊ LỆ QUYỀN'),('Z012040230010011','Z01204023001','F4','2013-07-24','xiong xian xiang'),('Z012040230010012','Z01204023001','F3','2013-07-24','RUBBER .LIN'),('Z012040230010013','Z01204023001','F3','2013-07-24','LIU SHUANG PING'),('Z012040230010014','Z01204023001','PCCO','2013-07-24','Juvy Bravo'),('Z012040230010015','Z01204023001','PCCO','2013-07-24','Tina Chang'),('Z012040230010016','Z01204023001','POD','2013-07-24','SAGE.LU (NT118)'),('Z012040230010017','Z01204023001','PCCO','2013-07-24','Trần Thị Mỹ Hạnh'),('Z012040230010018','Z01204023001','PCCO','2013-07-24','Trần Ngọc Tuyền'),('Z012040230010019','Z01204023001','PCCO','2013-07-24','Lê Ngọc Kiều'),('Z012040230010020','Z01204023001','PCCO','2013-07-24','Phạm Thị Thu Thủy'),('Z012040230010021','Z01204023001','PCCO','2013-07-24','Trần Thị Thanh Thúy'),('Z012040230010022','Z01204023001','GA','2013-07-24','manh.vong'),('Z012040230010023','Z01204023001','E4','2013-07-24','Xianwen.Yi'),('Z012040230010024','Z01204023001','E4','2013-07-24','Tran.Le'),('Z012040230010025','Z01204023001','F3','2013-08-26','HỒ DUY PHƯƠNG'),('Z012040230010026','Z01204023001','F3','2013-08-26','NGUYỄN THỊ DIẾM HƯƠNG'),('Z012040230010027','Z01204023001','PL','2013-08-26','Bé'),('Z012040230010028','Z01204023001','QA','2013-08-26','IDS ADULT'),('Z012040230010029','Z01204023001','BM','2013-08-26','NGUYỄN THỊ CHUNG'),('Z012040230010030','Z01204023001','PP','2013-08-26','Huynh Kim Chi'),('Z012040230010031','Z01204023001','DVG','2013-08-26','Lê Thị Thu Sương'),('Z012040230010032','Z01204023001','NO','2013-08-26','vinh.le'),('Z012040230010033','Z01204023001','NO','2013-08-26','xo.trang'),('Z012040230010034','Z01204023001','NO','2013-08-26','nghia.tran'),('Z012040230010035','Z01204023001','NO','2013-08-26','nha.vo'),('Z012040230010036','Z01204023001','QA','2013-08-26','THÚY HUỲNH'),('Z012040230010037','Z01204023001','CO','2013-09-25','Lê Thị Kim Ngân'),('Z012040230010038','Z01204023001','CO','2013-09-25','Nguyễn Thị Hồng Phúc'),('Z012040230010039','Z01204023001','PCCO','2013-09-25','PFC'),('Z012040230010040','Z01204023001','DVG','2013-09-25','Nguyễn Thị Kim Thơ'),('Z012040230010041','Z01204023001','NO','2013-09-25','lam.vo'),('Z012040230010042','Z01204023001','F3','2013-09-25','Thành'),('Z012040230010043','Z01204023001','PP','2013-09-25','PHẠM THỊ THU CÚC '),('Z012040230010044','Z01204023001','IE','2013-09-25','Le Kim Sang'),('Z012040230010045','Z01204023001','DVC','2014-07-26','Hồ Thanh Việt'),('Z012040230010046','Z01204023001','PCCO','2014-07-26','Caroline Lee'),('Z012040230010047','Z01204023001','PP','2014-07-26','Lê Thị Mỹ Loan'),('Z012040230010048','Z01204023001','IT','2014-07-26','Tài'),('Z012040230010049','Z01204023001','PCCO','2014-07-26',''),('Z012040230010050','Z01204023001','NO','2014-07-26','James'),('Z012040230010051','Z01204023001','E5','2014-07-26','Julia Mok'),('Z012040230010052','Z01204023001','BM','2014-07-26','WANG HONG BO'),('Z012040230020001','Z01204023002','PP','2012-12-25','Trần Thanh Ngân'),('Z012040230020002','Z01204023002','PP','2012-12-25','VÕ THI THU THÙY '),('Z012040230020003','Z01204023002','PP','2012-12-25','Thân Thị Bích Trang'),('Z012040230020004','Z01204023002','PP','2012-12-25','Mai Trí Thức'),('Z012040230020005','Z01204023002','PP','2012-12-25','Guo yongli'),('Z012040230020006','Z01204023002','AD','2012-12-25','thao.lai'),('Z012040230020007','Z01204023002','AD','2012-12-25','tu.dinh'),('Z012040230020008','Z01204023002','NO','2012-12-25','nha.vo'),('Z012040230020009','Z01204023002','IT','2014-07-29','Đạt'),('Z012040230030001','Z01204023003','DVG','2013-04-25','Lê Thị Thu Sương'),('Z012040230030002','Z01204023003','DVG','2013-04-25','Nguyễn Thị Kim Thơ'),('Z012040230030003','Z01204023003','DVC','2013-04-25','Hồ Thanh Việt'),('Z012040230030004','Z01204023003','DVG','2013-04-25','Lê Thị Phương'),('Z012040230030005','Z01204023003','DVG','2013-05-24','Nguyễn Thị Lệ Thu'),('Z012040230030006','Z01204023003','PCCO','2013-05-24','Caroline Lee'),('Z012040230030007','Z01204023003','E3','2013-05-24','Ngo Thi Huyen Tran'),('Z012040230030008','Z01204023003','E3','2013-05-24','Nguyen Thanh Treo'),('Z012040230030009','Z01204023003','PP','2013-05-24','Lê Thị Mỹ Loan'),('Z012040230030010','Z01204023003','PCCO','2013-05-24','Juvy Bravo'),('Z012040230030011','Z01204023003','PCCO','2013-05-24','Wang Gan Cheng'),('Z012040230030012','Z01204023003','IT','2013-05-24','Piazza'),('Z012040230030013','Z01204023003','POD','2013-05-24','SAGE.LU (NT118)'),('Z012040230030014','Z01204023003','IT','2013-07-24','QA meeting'),('Z012040230030015','Z01204023003','F1','2013-07-24','NGUYỄN THỊ LỆ QUYỀN'),('Z012040230030016','Z01204023003','F4','2013-07-24','Lv zhi ming'),('Z012040230030017','Z01204023003','F3','2013-07-24','NGUYỄN THỊ QUỲNH ANH'),('Z012040230030018','Z01204023003','F3','2013-07-24','LIU SHUANG PING'),('Z012040230030019','Z01204023003','IE','2013-07-24','Tran Thi My Dung'),('Z012040230030020','Z01204023003','IE','2013-07-24','Jessica Chen'),('Z012040230030021','Z01204023003','TB','2013-07-24','Ngoc.nhi'),('Z012040230030022','Z01204023003','PCCO','2013-07-24','Phạm Thị Thu Thủy'),('Z012040230030023','Z01204023003','PCCO','2013-07-24','Lê Ngọc Kiều'),('Z012040230030024','Z01204023003','PCCO','2013-07-24','Trần Ngọc Tuyền'),('Z012040230030025','Z01204023003','PCCO','2013-07-24','Trần Thị Mỹ Hạnh'),('Z012040230030026','Z01204023003','PCCO','2013-07-24','Trần Thị Thanh Thúy'),('Z012040230030027','Z01204023003','GA','2013-07-24','manh.vong'),('Z012040230030028','Z01204023003','E4','2013-07-24','Xianwen.Yi'),('Z012040230030029','Z01204023003','E4','2013-07-24','Tran.Le'),('Z012040230030030','Z01204023003','F3','2013-08-26','HỒ DUY PHƯƠNG'),('Z012040230030031','Z01204023003','F3','2013-08-26',''),('Z012040230030032','Z01204023003','PL','2013-08-26','Bé'),('Z012040230030033','Z01204023003','QA','2013-08-26','IDS ADULT'),('Z012040230030034','Z01204023003','BM','2013-08-26','NGUYỄN THỊ CHUNG'),('Z012040230030035','Z01204023003','PP','2013-08-26','Huynh Kim Chi'),('Z012040230030036','Z01204023003','NO','2013-08-26','vinh.le'),('Z012040230030037','Z01204023003','NO','2013-08-26','xo.trang'),('Z012040230030038','Z01204023003','NO','2013-08-26','nghia.tran'),('Z012040230030039','Z01204023003','HR','2013-08-26','Châu'),('Z012040230030040','Z01204023003','QA','2013-08-26','THÚY HUỲNH'),('Z012040230030041','Z01204023003','CO','2013-09-25','Lê Thị Kim Ngân'),('Z012040230030042','Z01204023003','CO','2013-09-25','Nguyễn Thị Hồng Phúc'),('Z012040230030043','Z01204023003','PCCO','2013-09-25','PFC'),('Z012040230030044','Z01204023003','GMO','2013-09-25',''),('Z012040230030045','Z01204023003','IT','2013-09-25','Trâm'),('Z012040230030046','Z01204023003','F3','2013-09-25','Thành'),('Z012040230030047','Z01204023003','PP','2013-09-25','PHẠM THỊ THU CÚC '),('Z012040230030048','Z01204023003','IE','2013-09-25','Le Kim Sang'),('Z012040230030049','Z01204023003','GMO','2013-10-26',''),('Z012040230030050','Z01204023003','PCCO','2013-10-26',''),('Z012040230030051','Z01204023003','PCCO','2013-10-26','Hồ Thanh Trọng'),('Z012040230030052','Z01204023003','HR','2013-11-25','K.Trang'),('Z012040230030053','Z01204023003','HR','2013-11-25','Hải'),('Z012040230030054','Z01204023003','HR','2013-11-25','Duy'),('Z012040230030055','Z01204023003','HR','2013-11-25','Tây'),('Z012040230030056','Z01204023003','HR','2013-11-25','Tâm'),('Z012040230030057','Z01204023003','PCCO','2013-11-25','Jay Liu'),('Z012040230030058','Z01204023003','F2','2013-11-25','Xiong Cui Ying'),('Z012040230030059','Z01204023003','CO','2013-11-25','Hồ Thị Thu Trang'),('Z012040230030060','Z01204023003','NO','2013-11-25','nga.nguyen'),('Z012040230030061','Z01204023003','NO','2013-11-25','lam.vo'),('Z012040230030062','Z01204023003','PL','2013-11-25','Giang'),('Z012040230030063','Z01204023003','PL','2013-11-25','Linh'),('Z012040230030064','Z01204023003','PP','2013-11-25','PHẠM THỊ THU HƯƠNG'),('Z012040230030065','Z01204023003','PP','2013-11-25','Phạm Thị Thìn'),('Z012040230030066','Z01204023003','BM','2013-12-24','MAI THỊ KIM NGÂN'),('Z012040230030067','Z01204023003','PP','2013-12-24','Lê Thị Thúy Vi'),('Z012040230030070','Z01204023003','AD','2013-12-24','phuc.duong'),('Z012040230030071','Z01204023003','AD','2013-12-24','thuy.mai'),('Z012040230030072','Z01204023003','IT','2013-12-24','Cảnh'),('Z012040230030074','Z01204023003','POD','2013-12-24','HANDSSOME.LEE(NT179)'),('Z012040230030075','Z01204023003','HR','2014-01-23','Frank'),('Z012040230030076','Z01204023003','F2','2014-01-23','Guo Hu'),('Z012040230030077','Z01204023003','PCCO','2014-01-23','Tina Chang'),('Z012040230030078','Z01204023003','F3','2014-01-23','HUỲNH THỊ KIM HƯƠNG'),('Z012040230030079','Z01204023003','F3','2014-07-31','HIỆN TRƯỜNG'),('Z012040230030080','Z01204023003','IT','2014-07-31','IT Store'),('Z012040230040001','Z01204023004','GMO','2013-10-26',''),('Z012040230040002','Z01204023004','PP','2013-10-26','Nguyễn Thị Vô '),('Z012040230040003','Z01204023004','PCCO','2013-10-26','Hồ Thanh Trọng'),('Z012040230040004','Z01204023004','HR','2013-11-25','K.Trang'),('Z012040230040005','Z01204023004','HR','2013-11-25','Hải'),('Z012040230040006','Z01204023004','NO','2013-11-25','nga.nguyen'),('Z012040230040007','Z01204023004','HR','2013-11-25','Tây'),('Z012040230040008','Z01204023004','HR','2013-11-25','Tâm'),('Z012040230040009','Z01204023004','PCCO','2013-11-25','Jay Liu'),('Z012040230040010','Z01204023004','F2','2013-11-25','Xiong Cui Ying'),('Z012040230040011','Z01204023004','CO','2013-11-25','Hồ Thị Thu Trang'),('Z012040230040012','Z01204023004','PL','2013-11-25','Giang'),('Z012040230040013','Z01204023004','PCCO','2013-11-25','Qiao Rong Cai'),('Z012040230040014','Z01204023004','F3','2013-11-25','HUỲNH THỊ KIM HƯƠNG'),('Z012040230040015','Z01204023004','PL','2013-11-25','Linh'),('Z012040230040016','Z01204023004','PP','2013-11-25','PHẠM THỊ THU HƯƠNG'),('Z012040230040017','Z01204023004','PP','2013-11-25','Phạm Thị Thìn'),('Z012040230040018','Z01204023004','BM','2013-12-24','MAI THỊ KIM NGÂN'),('Z012040230040019','Z01204023004','PP','2013-12-24','Lê Thị Thúy Vi'),('Z012040230040020','Z01204023004','AD','2013-12-24','phuc.duong'),('Z012040230040021','Z01204023004','AD','2013-12-24','thuy.mai'),('Z012040230040022','Z01204023004','IE','2013-12-24',' Le Thi Thu Thom '),('Z012040230040024','Z01204023004','POD','2013-12-24','HANDSSOME.LEE(NT179)'),('Z012040230040025','Z01204023004','HR','2013-12-24','Frank'),('Z012040230040026','Z01204023004','F2','2014-01-23','Guo Hu'),('Z012040230040027','Z01204023004','DVC','2014-01-23','Phạm Thị Thơm'),('Z012040230040028','Z01204023004','HR','2014-01-23','Châu'),('Z012040230040029','Z01204023004','PCCO','2014-02-25','Nguyễn Thị Thu Thúy'),('Z012040230040030','Z01204023004','DVC','2014-02-25','Đặng Thị Hồng Thảo'),('Z012040230040031','Z01204023004','PCCO','2014-02-25','Đinh Thị Hồng Đào'),('Z012040230040032','Z01204023004','DVC','2014-02-25','Lê Văn Nhân'),('Z012040230040033','Z01204023004','HR','2014-02-25','Victoria'),('Z012040230040034','Z01204023004','IE','2014-02-25','Tran Thi My Dung'),('Z012040230040035','Z01204023004','IE','2014-02-25','Jessica Chen'),('Z012040230040036','Z01204023004','NO','2014-04-22','Hoa.cao'),('Z012040230040037','Z01204023004','F2','2014-04-22','Ngan.nguyen'),('Z012040230040038','Z01204023004','CO','2014-07-07','Nguyễn Thị Diễm My'),('Z012040230040039','Z01204023004','HR','2014-09-11','Triết'),('Z012040230040040','Z01204023004','FI','2014-09-11','dung.tran_A'),('Z012040230040041','Z01204023004','PCCO','2014-09-11','Bùi Thị Thanh Nhàn'),('Z012040230040042','Z01204023004','F3','2014-09-11','YUAN HONG'),('Z012040230040043','Z01204023004','PP','2014-09-11','ĐẶNG THỊ KIM LINH  '),('Z012040230040044','Z01204023004','F2','2014-09-11','Nguyen Thi No'),('Z012040230040045','Z01204023004','PP','2014-09-11','ĐẶNG CHÍ TÂM '),('Z012040230040046','Z01204023004','PU','2014-10-01','Le Thi Thuy Linh'),('Z012040230040047','Z01204023004','PP','2014-10-01','Trần Thanh Thủy '),('Z012040230040048','Z01204023004','PP','2014-10-01','Vương Thị Kim Sen'),('Z012040230040049','Z01204023004','F3','2014-10-25','NGUYỄN THỊ HỒNG PHÚC'),('Z012040230040050','Z01204023004','E1','2014-11-07','文華平'),('Z012040230040051','Z01204023004','F4','2014-11-07','Lv zhi ming'),('Z012040230040052','Z01204023004','F4','2014-11-24','tan.qin'),('Z012040230040053','Z01204023004','DVG','2015-01-19','Phùng Thị Ngân'),('Z012040230040054','Z01204023004','DVG','2015-01-19','Đặng Thị Hồng Phúc'),('Z012040230040055','Z01204023004','DVG','2015-01-19','Lương Thị Kim Ngân'),('Z012040230040056','Z01204023004','DVC','2015-01-19','Trương Minh Hiếu'),('Z012040230040057','Z01204023004','DVG','2015-01-19','Châu Thị Diễm Thùy'),('Z012040230040058','Z01204023004','DVG','2015-01-19',''),('Z012040230040059','Z01204023004','CO','2015-01-19','Dương Thị Dĩ'),('Z012040230040060','Z01204023004','CO','2015-01-19','Zach'),('Z012040230040061','Z01204023004','NO','2015-01-23','Vinh.ho'),('Z012040230040062','Z01204023004','NO','2015-01-23','Tin.nguyen'),('Z012040230040063','Z01204023004','NO','2015-01-23','thoa.nguyen_A'),('Z012040230040064','Z01204023004','NO','2015-01-23','ngoc.tran'),('Z012040230040065','Z01204023004','NO','2015-01-23','loan.nguyen'),('Z012040230040066','Z01204023004','NO','2015-01-23','the.tran'),('Z012040230040067','Z01204023004','DVG','2015-02-12','Voong Và Sáng'),('Z012040230040068','Z01204023004','DVG','2015-02-12','Võ Thị Tuyết Mai'),('Z012040230040069','Z01204023004','DVC','2015-02-12','Nguyễn Tiến Phát'),('Z012040230040070','Z01204023004','DVC','2015-02-12','Đặng Thị Thúy Diễm'),('Z012040230040071','Z01204023004','FI','2015-02-12','van.le'),('Z012040230040072','Z01204023004','FI','2015-02-12','thoa.luong'),('Z012040230040073','Z01204023004','GA','2015-03-17','dung.phan'),('Z012040230040074','Z01204023004','CO','2015-03-17','Huỳnh Trường Giang'),('Z012040230040075','Z01204023004','AD','2015-06-17','nhung.pham'),('Z012040230040076','Z01204023004','AD','2015-06-17','ngoc.pham'),('Z012040230040077','Z01204023004','AD','2015-06-17','xuyen.le'),('Z012040230040078','Z01204023004','PCCO','2015-06-25','Tara Chen'),('Z012040230040079','Z01204023004','IT','2015-07-09','Bocard'),('Z012040230040080','Z01204023004','IT','2015-07-09','Hsiang'),('Z012040230040081','Z01204023004','IT','2015-07-09','Đạt'),('Z012040230040082','Z01204023004','DVC','2015-07-09','Huỳnh Trần Minh Tuyết'),('Z012040230040083','Z01204023004','DVG','2015-07-09','Phan Thị Kim Luôn'),('Z012040230040084','Z01204023004','PL','2015-07-09','Thịnh'),('Z012040230040085','Z01204023004','FI','2015-07-11','Ella.chen'),('Z012040230040086','Z01204023004','CO','2015-07-11','Dương Thị Tuyết Nữ'),('Z012040230040087','Z01204023004','PL','2015-07-11','Phú'),('Z012040230040088','Z01204023004','F1','2015-07-11','WU CHIH YUAN(FULI)'),('Z012040230040089','Z01204023004','HR','2015-07-11','Mi'),('Z012040230040090','Z01204023004','DVC','2015-07-11','Trần Lệ Trinh'),('Z012040230040091','Z01204023004','NO','2015-07-11','nang.pham'),('Z012040230040092','Z01204023004','NO','2015-08-22','tam.mai'),('Z012040230040093','Z01204023004','PP','2015-08-22','Trần Thị Diễm My'),('Z012040230040094','Z01204023004','PCCO','2015-08-22','Võ Thị Ái'),('Z012040230040095','Z01204023004','GA','2015-08-22','ga-tho.to'),('Z012040230040096','Z01204023004','SR','2015-08-22','Lê Văn Lợi'),('Z012040230040097','Z01204023004','F4','2015-09-21','luo.ling'),('Z012040230040098','Z01204023004','F1','2015-09-21','CHEN CHIH HAO(RICK)'),('Z012040230040099','Z01204023004','F1','2015-09-21','TRẦN THỊ DỊ'),('Z012040230040100','Z01204023004','F1','2015-09-21','NGUYỄN THỊ CHÂU SÁNG'),('Z012040230040101','Z01204023004','F1','2015-09-21','LÂM KIM LIÊN'),('Z012040230040102','Z01204023004','F1','2015-09-21','NGUYỄN THỊ MY SA'),('Z012040230040103','Z01204023004','IE','2015-09-21','Tran Thi Phuong'),('Z012040230040104','Z01204023004','PP','2015-10-14','Trần Thị Diễm'),('Z012040230040105','Z01204023004','PP','2015-10-14','Trần Thị Diệu Tâm'),('Z012040230040106','Z01204023004','PL','2015-10-14','TRANG'),('Z012040230040107','Z01204023004','POD','2015-10-21','Nguyễn Phi Hùng(17381)'),('Z012040230040108','Z01204023004','PL','2015-10-21','Trang.le'),('Z012040230040109','Z01204023004','MW','2015-10-21','Son.huynh'),('Z012040230040110','Z01204023004','F1','2015-10-23','ZENG MIAO SHENG'),('Z012040230040111','Z01204023004','F1','2015-11-14','LÊ TRUNG HIẾU'),('Z012040230040112','Z01204023004','F1','2015-11-14','NGUYỄN THẢO NGỌC'),('Z012040230040113','Z01204023004','F1','2015-11-14','HSU CHI CHIA'),('Z012040230040114','Z01204023004','HR','2015-11-20','Tính'),('Z012040230040115','Z01204023004','MW','2015-10-05','Loan.nguyen_B'),('Z012040230040116','Z01204023004','POD','2015-12-08','Chien.Chao'),('Z012040230040117','Z01204023004','PL','2016-02-27','Hương'),('Z012040230040118','Z01204023004','NO','2016-03-05','Frank.Yang'),('Z012040230040119','Z01204023004','F1','2016-03-08','TRẦN THỊ MAI CHI'),('Z012040230040120','Z01204023004','F1','2016-03-08','PHẠM THỊ LAN'),('Z012040230040121','Z01204023004','F1','2016-03-08','TẠ HOÀNG HUẾ PHƯƠNG'),('Z012040230040122','Z01204023004','F1','2016-03-08','NGUYỄN THỊ KIỀU OANH'),('Z012040230040123','Z01204023004','F1','2016-03-08','PHAN THỊ HOÀNG MỸ'),('Z012040230040124','Z01204023004','F1','2016-03-08','NGUYỄN HỒNG NHI'),('Z012040230040125','Z01204023004','PU','2016-03-08','Nguyen Thi Thuy An'),('Z012040230040126','Z01204023004','PL','2016-03-14','PLAN025'),('Z012040230040127','Z01204023004','FI','2016-04-14','trinh.vo'),('Z012040230040128','Z01204023004','PP','2016-04-14','Huỳnh Thị Ngọc Bích'),('Z012040230040129','Z01204023004','NO','2016-04-19','Andon -2'),('Z012040230040130','Z01204023004','NO','2016-04-19','Andon -3'),('Z012040230040131','Z01204023004','DVC','2016-05-27','Lê Thị Thúy Duy'),('Z012040230040132','Z01204023004','F1','2016-05-21','HUỲNH THỊ KHÁNH MAI'),('Z012040230040133','Z01204023004','F1','2016-05-21','TRẦN THỊ PHÊ'),('Z012040230040134','Z01204023004','F1','2016-05-21','WU CHIA CHENG(AKA)'),('Z012040230040135','Z01204023004','F1','2016-05-21','LÊ THỊ DÂN'),('Z012040230040136','Z01204023004','E2','2016-03-05','XIANGLI (NC 019)HIỆN TRƯỜNG'),('Z012040230040137','Z01204023004','QA','2016-06-10','MICROSCOPE'),('Z012040230040138','Z01204023004','POD','2016-06-24','Châu Thị Hoàng Anh(19909)'),('Z012040230040139','Z01204023004','POD','2016-06-24','Đặng Thị Trúc Uyên(21861)'),('Z012040230040140','Z01204023004','PP','2016-06-24','NGUYỄN THỊ TRÚC PHƯƠNG'),('Z012040230040141','Z01204023004','PL','2016-06-24','Viet.dang'),('Z012040230040142','Z01204023004','PCCO','2016-06-24','Samuel'),('Z012040230040144','Z01204023004','E2','2016-04-26','HUỲNH THỊ NGOAN(4428)'),('Z012040230040145','Z01204023004','E2','2016-04-26','LƯƠNG THỊ KIM THOA(07467)'),('Z012040230040146','Z01204023004','E2','2016-04-26','XIANGLI (NC 019)'),('Z012040230040147','Z01204023004','E1','2016-04-26','NGUYỄN THỊ KIỀU TUYÊN (MST 20517)'),('Z012040230040148','Z01204023004','CO','2016-07-14','Nguyễn Việt Dũng'),('Z012040230040149','Z01204023004','BM','2016-07-30','NGUYỄN THỊ NGỌC YẾN'),('Z012040230040150','Z01204023004','NO','2016-07-30','viet.dang'),('Z012040230040151','Z01204023004','F3','2016-07-30','ĐỖ THÚY LOAN'),('Z012040230040152','Z01204023004','F3','2016-07-30','LÔ THỊ HÀ'),('Z012040230040153','Z01204023004','CO','2016-08-19','Kelvin'),('Z012040230040154','Z01204023004','F3','2016-08-19','LI DONG HUA'),('Z012040230040155','Z01204023004','NO','2016-09-27','thinh.le_A'),('Z012040230040156','Z01204023004','F4','2016-10-06','hua ping wen'),('Z012040230040157','Z01204023004','IT','2016-10-13','Kỉ Thuật'),('Z012040230040158','Z01204023004','F1','2016-11-22','WANG YI YAN(JENNY)'),('Z012040230040159','Z01204023004','NO','2016-11-22','thanh.tran'),('Z012040230040160','Z01204023004','FI','2016-11-22','loan.trinh'),('Z012040230040161','Z01204023004','CO','2016-11-22','Lê Thị Yến Vy'),('Z012040230040162','Z01204023004','DVG','2016-10-28',''),('Z012040230040163','Z01204023004','F1','2016-12-16',NULL),('Z012040230050001','Z01204023005','PCCO','2014-03-14','Nguyễn Thị Thu Thúy'),('Z012040230050002','Z01204023005','DVC','2014-03-14','Đặng Thị Hồng Thảo'),('Z012040230050003','Z01204023005','PCCO','2014-03-14','Đinh Thị Hồng Đào'),('Z012040230050004','Z01204023005','DVC','2014-03-14','Lê Văn Nhân'),('Z012040230050005','Z01204023005','PCCO','2014-03-14','Qiao Rong Cai'),('Z012040230050006','Z01204023005','IE','2014-03-14',' Le Thi Thu Thom '),('Z012040230050007','Z01204023005','IT','2014-03-14','Jerry'),('Z012040230050008','Z01204023005','MW','2014-03-24','ngan.nguyen_B'),('Z012040230050009','Z01204023005','MW','2014-03-24','thy.Tran'),('Z012040230050010','Z01204023005','MW','2014-03-24','Lanh.nguyen'),('Z012040230060001','Z01204023006','AD','2014-03-24','thao.duong'),('Z012040230060002','Z01204023006','HR','2014-03-24','Thảo'),('Z012040230060003','Z01204023006','MW','2014-03-24','ngan.nguyen_B'),('Z012040230060004','Z01204023006','MW','2014-06-25','thy.Tran'),('Z012040230060005','Z01204023006','MW','2014-06-25','Lanh.nguyen'),('Z012040230060006','Z01204023006','QA','2014-07-26','NHỰT LÊ'),('Z012040230070001','Z01204023007','IT','2015-03-28','VIP ROOM'),('Z012040230080001','Z01204023008','IT','2015-03-28','VIP ROOM'),('Z012040230080002','Z01204023008','IT','2015-03-28','VIP ROOM'),('Z012040230080003','Z01204023008','IT','2015-03-28','VIP ROOM'),('Z012040230080004','Z01204023008','IT','2015-03-28','VIP ROOM'),('Z012040230090001','Z01204023009','IT','2015-03-28','VIP ROOM'),('Z012040230100001','Z01204023010','IT','2015-03-28','VIP ROOM'),('Z012040230120001','Z01204023012','IT','2015-03-28','VIP ROOM'),('Z012040230130001','Z01204023013','IT','2015-03-28','VIP ROOM'),('Z012040230150001','Z01204023015','IT','2015-03-28','VIP ROOM'),('Z012040230150002','Z01204023015','IT','2015-03-28','VIP ROOM'),('Z012040230180001','Z01204023018','IT','2015-03-28','VIP ROOM'),('Z012040230180002','Z01204023018','IT','2015-03-28','VIP ROOM'),('Z012040230180003','Z01204023018','IT','2015-03-28','VIP ROOM'),('Z012040230190001','Z01204023019','IT','2015-03-28','VIP ROOM'),('Z012040230190002','Z01204023019','IT','2015-03-28','VIP ROOM'),('Z012040230200001','Z01204023020','IT','2015-03-28','VIP ROOM'),('Z012040230210001','Z01204023021','IT','2015-03-28','VIP ROOM'),('Z012050080000002','Z01205008000','IT','2011-10-11','Trâm'),('Z012050080030001','Z01205008003','IT','2013-05-07','CO'),('Z012050080050001','Z01205008005','IT','2013-05-30','Trâm'),('Z012050080100001','Z01205008010','IT','2014-11-28','TH'),('Z012050080110001','Z01205008011','IT','2014-11-28','TH'),('Z012050080120001','Z01205008012','PL','2015-03-23','Phòng Tem'),('Z012050080120002','Z01205008012','PCCO','2015-03-23',''),('Z012050080120003','Z01205008012','GA','2015-04-02',''),('Z012050080120004','Z01205008012','GA','2015-04-02',''),('Z012050080120005','Z01205008012','IE','2015-05-09','IE'),('Z012050080120006','Z01205008012','NO','2015-09-29',''),('Z012050080120007','Z01205008012','AD','2016-04-26',''),('Z012050080130001','Z01205008013','HR','2015-04-23',''),('Z012050080140001','Z01205008014','IT','2015-07-09','TH'),('Z012050080140002','Z01205008014','IT','2015-07-09','TH'),('Z012050080140003','Z01205008014','IT','2015-07-09','TH'),('Z012050080140004','Z01205008014','IT','2015-07-09','TH'),('Z012050080140005','Z01205008014','IT','2015-07-22','NO'),('Z012050080140006','Z01205008014','PCCO','2016-07-29','PFC'),('Z012050080140007','Z01205008014','PCCO','2016-07-29','PFC'),('Z012050100010001','Z01205010001','IT','2012-07-30','Trâm'),('Z012050200020001','Z01205020002','F1','2015-11-19','VĂN PHÒNG XƯỞNG'),('Z012060080000001','Z01206008000','IT','2011-11-05','IT Store'),('Z012060330000001','Z01206033000','IT','2011-09-21',''),('Z012060350000001','Z01206035000','NO','2011-12-08',''),('Z012060370080001','Z01206037008','E3','2013-02-26','劉冬平'),('Z012060370080002','Z01206037008','E4','2013-06-24','Văn phòng E4'),('Z012060370080003','Z01206037008','F4','2013-07-24',''),('Z012060370080005','Z01206037008','F2','2014-01-23','F2L1'),('Z012060370080006','Z01206037008','F2','2014-04-23','F2L2'),('Z012060370080007','Z01206037008','POD','2015-10-14','Chien.Chao'),('Z012060370080008','Z01206037008','F1','2015-10-23','VĂN PHÒNG XƯỞNG'),('Z012060370080009','Z01206037008','PP','2016-01-23','Lê Thị Kim Loan'),('Z012060370080010','Z01206037008','F3','2016-04-23','PHÒNG . LƯU HÓA'),('Z012060370080011','Z01206037008','POD','2016-04-27','SAGE.LU (NT118)'),('Z012060370080012','Z01206037008','E2','2016-06-24','XIANGLI (NC 019)'),('Z012060370080013','Z01206037008','E1','2016-06-24','VĂN PHÒNG XƯỞNG E1'),('Z012060380010001','Z01206038001','HR','2011-07-21',''),('Z012060380010002','Z01206038001','SR','2011-08-05','Sample Room Office'),('Z012060380010003','Z01206038001','IT','2011-08-05','IT Store'),('Z012060380010004','Z01206038001','PL','2011-10-13','Shipping team'),('Z012060380010005','Z01206038001','IT','2011-10-24',''),('Z012060380010006','Z01206038001','BM','2011-11-10','BMM'),('Z012060380010007','Z01206038001','PL','2011-11-21','Kho Thành Phẫm'),('Z012060380010008','Z01206038001','F3','2012-04-21','Vp RUBBER.LIN'),('Z012060380010009','Z01206038001','MW','2012-04-26',''),('Z012060380010010','Z01206038001','TB','2012-04-26','Sixiu.cai'),('Z012060380010011','Z01206038001','E5','2012-04-26',''),('Z012060380010012','Z01206038001','E6','2012-09-24','Văn Phòng E6'),('Z012060380010013','Z01206038001','FI','2012-09-24',''),('Z012060380020001','Z01206038002','FI','2015-03-02',''),('Z012060390010001','Z01206039001','FI','2011-08-05',''),('Z012060390010002','Z01206039001','TB','2011-09-21','Sixiu.cai'),('Z012060390010003','Z01206039001','MW','2011-09-22',''),('Z012060390010005','Z01206039001','MW','2012-04-26',''),('Z012060390010006','Z01206039001','F3','2012-04-26','Phòng Eton'),('Z012060390010007','Z01206039001','PL','2016-01-11','Kho Thành Phẫm'),('Z012060390020001','Z01206039002','FI','2012-04-26',''),('Z012060390020002','Z01206039002','F3','2014-06-21','Phòng Eton'),('Z012060390020003','Z01206039002','SR','2015-02-12','Warehouse'),('Z012060390030001','Z01206039003','PCCO','2012-04-26',''),('Z012140030010001','Z01214003001','DVG','2012-07-10','Trần Ái Nhi'),('Z012140030010002','Z01214003001','DVC','2012-07-10','Đào Trung Nhân'),('Z012140030010003','Z01214003001','PCCO','2012-07-10','Nguyễn Thị Thanh Loan'),('Z012140030010004','Z01214003001','DVG','2012-07-10','Võ Phú Thọ'),('Z012140030010005','Z01214003001','DVG','2012-07-10','Võ Thị Kiều Duyên'),('Z012140030010006','Z01214003001','DVG','2012-07-10','Nguyễn Hoàng Huy'),('Z012140030010007','Z01214003001','SR','2012-07-10','Lê Thị Mỹ Linh'),('Z012140030010008','Z01214003001','SR','2012-07-10','Nguyễn Thị Kiều Nga'),('Z012140030010009','Z01214003001','PCCO','2012-07-10','Trần Thị Ngân Thoa'),('Z012140030010010','Z01214003001','PCCO','2012-07-10','Lê Thị Kim Hoa'),('Z012140030010011','Z01214003001','SR','2012-07-10','Phạm Văn Vác'),('Z012140030010012','Z01214003001','DVG','2012-07-10','Phạm Thị Ngọc Hân'),('Z012140030010013','Z01214003001','PCCO','2012-07-10','Tăng Thị Diệu Linh'),('Z012140030010014','Z01214003001','PCCO','2012-07-10','Zhang Hong'),('Z012140030010015','Z01214003001','TA','2012-07-10','Trần Thị Kim Hoa'),('Z012140030010016','Z01214003001','PCCO','2012-07-10','Nguyễn Thị Hoài Quý'),('Z012140030010017','Z01214003001','PCCO','2012-07-10','Võ Thị Linh'),('Z012140030010018','Z01214003001','TA','2012-07-10','Đặng Phương Nam'),('Z012140030010020','Z01214003001','DVG','2012-07-10','Pattern room'),('Z012140030010021','Z01214003001','PCCO','2012-07-10','Nguyễn Ngọc Linh'),('Z012140030010024','Z01214003001','PCCO','2012-07-10','Andrew Liu'),('Z012140030010025','Z01214003001','TA','2012-07-10','Đặng Minh Kha'),('Z012140030010026','Z01214003001','DVG','2013-05-30','Lê Thị Thu Sương'),('Z012140030010027','Z01214003001','DVG','2013-05-30','Nguyễn Thị Kim Thơ'),('Z012140030010029','Z01214003001','DVG','2013-05-30','Lê Thị Phương'),('Z012140030010030','Z01214003001','DVG','2013-05-30','Nguyễn Thị Lệ Thu'),('Z012140030010031','Z01214003001','PCCO','2013-05-30','Caroline Lee'),('Z012140030010032','Z01214003001','PCCO','2013-10-10','Wang Gan Cheng'),('Z012140030010033','Z01214003001','PCCO','2013-10-10','Lê Ngọc Kiều'),('Z012140030010034','Z01214003001','PCCO','2013-10-10','Phan Thị Hồng Nhung'),('Z012140030010035','Z01214003001','PCCO','2013-10-10','Juvy Bravo'),('Z012140030010036','Z01214003001','PCCO','2013-10-10','Trần Thị Mỹ Hạnh'),('Z012140030010038','Z01214003001','PCCO','2013-10-10','Trần Ngọc Tuyền'),('Z012140030010039','Z01214003001','PCCO','2013-10-10','PFC'),('Z012140030010040','Z01214003001','PCCO','2013-10-10','Ngô Thị Hồng Luyến'),('Z012140030010041','Z01214003001','PCCO','2013-10-10','Trần Thị Thanh Thúy'),('Z012140030010042','Z01214003001','PCCO','2013-10-10','Phạm Thị Thu Thủy'),('Z012140030010043','Z01214003001','DVC','2013-10-10','Pattern'),('Z012140030010044','Z01214003001','DVC','2013-10-10','Trần Thị Thanh Tuyền'),('Z012140030010047','Z01214003001','PCCO','2013-10-10',''),('Z012140030010048','Z01214003001','PCCO','2013-10-10','Hồ Thanh Trọng'),('Z012140030010049','Z01214003001','PCCO','2013-10-10','Jay Liu'),('Z012140030010050','Z01214003001','DVC','2013-10-10','Phạm Thị Thơm'),('Z012140030010051','Z01214003001','PCCO','2013-10-10','Nguyễn Thị Thu Thúy'),('Z012140030010052','Z01214003001','DVC','2013-10-10','Đặng Thị Hồng Thảo'),('Z012140030010053','Z01214003001','PCCO','2013-10-10','Đinh Thị Hồng Đào'),('Z012140030010054','Z01214003001','DVC','2013-10-10','Lê Văn Nhân'),('Z012140030010055','Z01214003001','PCCO','2013-10-10','Qiao Rong Cai'),('Z012140030010060','Z01214003001','PCCO','2013-10-10','Tony Duan'),('Z012140030010061','Z01214003001','PCCO','2013-10-10','Ding Pan'),('Z012170070010001','Z01217007001','CO','2016-07-30','Nguyễn Việt Dũng'),('Z012170070010006','Z01217007001','CO','2016-08-19','Kelvin'),('Z012170070010014','Z01217007001','CO','2016-11-22','Lê Thị Yến Vy'),('Z012170070010015','Z01217007001','DVG','2016-10-28',''),('Z012340010000013','Z01234001000','TA','2011-08-25','Phạm Hồng Vân'),('Z012340010000034','Z01234001000','TA','2011-09-21','Trần Thị Kim Hoa'),('Z012340010000035','Z01234001000','PCCO','2011-09-21','Phan Thị Hồng Nhung'),('Z012340010000036','Z01234001000','PCCO','2011-09-21','Nguyễn Thị Hoài Quý'),('Z012340010000037','Z01234001000','PCCO','2011-09-21','Võ Thị Linh'),('Z012340010000038','Z01234001000','PCCO','2011-09-21','Tăng Thị Diệu Linh'),('Z012340010000039','Z01234001000','DVG','2011-09-21','Phạm Thị Ngọc Hân'),('Z012340010000040','Z01234001000','SR','2011-09-21','Phạm Văn Vác'),('Z012340010000041','Z01234001000','PCCO','2011-09-21','Trần Thị Ngân Thoa'),('Z012340010000042','Z01234001000','PCCO','2011-09-21','Lê Thị Kim Hoa'),('Z012340010000043','Z01234001000','PCCO','2011-10-13','Nguyễn Thị Thanh Loan'),('Z012340010000044','Z01234001000','DVG','2011-10-13','Nguyễn Hoàng Huy'),('Z012340010000046','Z01234001000','SR','2011-10-13','Lê Thị Mỹ Linh'),('Z012340010000047','Z01234001000','DVG','2011-10-13','Võ Phú Thọ'),('Z012340010000049','Z01234001000','DVC','2011-10-13','Cleated Meeting Room'),('Z012340010000051','Z01234001000','PCCO','2011-10-13','Nguyễn Ngọc Linh'),('Z012340010000058','Z01234001000','PCCO','2011-11-02','Andrew Liu'),('Z012340010000059','Z01234001000','TA','2011-11-02','Đặng Phương Nam'),('Z012340010000060','Z01234001000','DVC','2011-11-02','Pattern'),('Z012340010000061','Z01234001000','DVG','2011-11-15','Lê Thị The'),('Z012340010000062','Z01234001000','CO','2011-11-15','Lê Thị Ngọc Duyên'),('Z012340010000075','Z01234001000','PCCO','2011-11-30','Tony Duan'),('Z012340010000086','Z01234001000','PCCO','2012-01-06','Ngô Thị Hồng Luyến'),('Z012340010000114','Z01234001000','PCCO','2012-05-08','Caroline Lee'),('Z012340010000117','Z01234001000','DVG','2012-05-08','Lê Kiều Trang'),('Z012340010000152','Z01234001000','DVG','2012-06-28','Trần Ái Nhi'),('Z012340010000176','Z01234001000','DVC','2012-08-07','Trần Thị Thanh Tuyền'),('Z012340010000177','Z01234001000','SR','2012-08-07','Nguyễn Thị Kiều Nga'),('Z012340010000183','Z01234001000','CO','2012-08-01','Vũ Thị Tuyến'),('Z012340010000184','Z01234001000','CO','2012-08-01','Nguyễn Tài Năng'),('Z012340010000199','Z01234001000','DVG','2012-08-25','Võ Thị Kiều Duyên'),('Z012340010000209','Z01234001000','CO','2012-09-24','Nguyễn Kim Khoa'),('Z012340010000211','Z01234001000','TA','2012-09-24','Đặng Minh Kha'),('Z012340010000226','Z01234001000','PCCO','2012-12-25','Juvy Bravo'),('Z012340010000227','Z01234001000','DVG','2013-03-29','Lê Thị Thu Sương'),('Z012340010000228','Z01234001000','DVG','2013-03-29','Nguyễn Thị Kim Thơ'),('Z012340010000229','Z01234001000','DVC','2013-03-29','Hồ Thanh Việt'),('Z012340010000230','Z01234001000','DVG','2013-04-25','Lê Thị Phương'),('Z012340010000231','Z01234001000','DVG','2013-04-25','Nguyễn Thị Lệ Thu'),('Z012340010000235','Z01234001000','PCCO','2013-05-24','Wang Gan Cheng'),('Z012340010000236','Z01234001000','PCCO','2013-05-24','Zhang Hong'),('Z012340010000242','Z01234001000','PCCO','2013-05-24','Tina Chang'),('Z012340010000250','Z01234001000','PCCO','2013-07-24','Trần Thị Thanh Thúy'),('Z012340010000251','Z01234001000','PCCO','2013-07-24','Phạm Thị Thu Thủy'),('Z012340010000252','Z01234001000','PCCO','2013-07-24','Lê Ngọc Kiều'),('Z012340010000253','Z01234001000','PCCO','2013-07-24','Trần Ngọc Tuyền'),('Z012340010000254','Z01234001000','PCCO','2013-07-24','Trần Thị Mỹ Hạnh'),('Z012340010000290','Z01234001000','PCCO','2013-08-26','PFC'),('Z012340010000291','Z01234001000','CO','2013-09-25','Lê Thị Kim Ngân'),('Z012340010000293','Z01234001000','DVG','2013-09-25','Pattern room'),('Z012340010000309','Z01234001000','PCCO','2014-09-11','Bùi Thị Thanh Nhàn'),('Z012340010000319','Z01234001000','PCCO','2014-10-25','Ding Pan'),('Z012340010000324','Z01234001000','DVG','2015-01-19','Phùng Thị Ngân'),('Z012340010000325','Z01234001000','DVG','2015-01-19','Đặng Thị Hồng Phúc'),('Z012340010000326','Z01234001000','DVG','2015-01-19','Lương Thị Kim Ngân'),('Z012340010000327','Z01234001000','DVC','2015-01-19','Trương Minh Hiếu'),('Z012340010000328','Z01234001000','DVG','2015-01-19','Châu Thị Diễm Thùy'),('Z012340010000329','Z01234001000','DVG','2015-01-19',''),('Z012340010000330','Z01234001000','CO','2015-01-19','Dương Thị Dĩ'),('Z012340010000331','Z01234001000','CO','2015-01-19','Zach'),('Z012340010000332','Z01234001000','PCCO','2015-01-19','Vương Nhựt Huy'),('Z012340010000339','Z01234001000','DVG','2015-02-12','Voong Và Sáng'),('Z012340010000340','Z01234001000','DVG','2015-02-12','Võ Thị Tuyết Mai'),('Z012340010000341','Z01234001000','DVG','2015-02-12','Phan Thị Kim Luôn'),('Z012340010000342','Z01234001000','DVC','2015-02-12','Đặng Thị Thúy Diễm'),('Z012340010000350','Z01234001000','CO','2015-03-17','Huỳnh Trường Giang'),('Z012340010000351','Z01234001000','DVC','2015-03-17','Nguyễn Thị Hồng Khanh'),('Z012340010000352','Z01234001000','DVG','2015-03-17','Phạm Duy Phong'),('Z012340010000353','Z01234001000','PCCO','2015-03-17','Szu Szu'),('Z012340010000354','Z01234001000','DVG','2015-03-17','Lê Tuyết Kỳ Kỳ'),('Z012340010000362','Z01234001000','PCCO','2015-06-25','Tara Chen'),('Z012340010000366','Z01234001000','DVC','2015-07-09','Huỳnh Trần Minh Tuyết'),('Z012340010000367','Z01234001000','DVC','2015-07-09','Nguyễn Tiến Phát'),('Z012340010000370','Z01234001000','CO','2015-07-11','Dương Thị Tuyết Nữ'),('Z012340010000374','Z01234001000','DVC','2015-07-11','Trần Lệ Trinh'),('Z012340010000377','Z01234001000','PCCO','2015-08-22','Võ Thị Ái'),('Z012340010000379','Z01234001000','SR','2015-08-22','Lê Văn Lợi'),('Z012340010000425','Z01234001000','DVC','2016-05-27','Lê Thị Thúy Duy'),('Z012340010000434','Z01234001000','PCCO','2016-06-24','Samuel'),('Z012340010000444','Z01234001000','CO','2016-06-24','Nguyễn Việt Dũng'),('Z012340010000455','Z01234001000','CO','2016-07-08','Kelvin'),('Z012340010000458','Z01234001000','DVC','2016-10-06','Đào Trung Nhân'),('Z012340010000464','Z01234001000','CO','2016-11-22','Lê Thị Yến Vy'),('Z012340010000465','Z01234001000','DVG','2016-10-28',''),('Z012340090090001','Z01234009009','PCCO','2015-02-27',''),('Z012340090110003','Z01234009011','PCCO','2016-10-28',''),('Z012340110100001','Z01234011010','PCCO','2016-10-11','Vương Nhựt Huy'),('Z012340120010002','Z01234012001','PCCO','2013-10-26',''),('Z012340120010003','Z01234012001','PCCO','2013-10-26','Hồ Thanh Trọng'),('Z012340120010014','Z01234012001','CO','2013-11-25','Hồ Thị Thu Trang'),('Z012340120010015','Z01234012001','DVC','2013-11-25','Phạm Thị Thơm'),('Z012340120010030','Z01234012001','PCCO','2014-01-23','Nguyễn Thị Thu Thúy'),('Z012340120010031','Z01234012001','DVC','2014-01-23','Đặng Thị Hồng Thảo'),('Z012340120010032','Z01234012001','PCCO','2014-02-25','Đinh Thị Hồng Đào'),('Z012340120010033','Z01234012001','DVC','2014-02-25','Lê Văn Nhân'),('Z012340120010041','Z01234012001','PCCO','2014-03-24','Jay Liu'),('Z012340120010043','Z01234012001','PCCO','2014-08-05','Qiao Rong Cai'),('Z012360100020001','Z01236010002','DVC','2013-07-24','Pattern'),('Z012360100030001','Z01236010003','DVC','2013-07-24','Pattern'),('Z012360100070001','Z01236010007','DVC','2016-12-08','Cleated Meeting Room'),('Z012360100110004','Z01236010011','PCCO','2015-02-12',''),('Z012360100110005','Z01236010011','PCCO','2015-02-12',''),('Z012360100110006','Z01236010011','PCCO','2015-02-12',''),('Z012410040020001','Z01241004002','PCCO','2016-02-29',''),('Z012410140020001','Z01241014002','PCCO','2013-09-16',''),('Z012990100110002','Z01299010011','PCCO','2012-11-09','Bernie'),('Z012990100250001','Z01299010025','DVC','2013-05-27',''),('Z012990100360001','Z01299010036','PCCO','2013-08-21',''),('Z012990100730001','Z01299010073','PCCO','2014-01-07','Zhang Hong'),('Z012990100770001','Z01299010077','PCCO','2014-03-28','PFC'),('Z012990100930001','Z01299010093','PCCO','2014-07-07','Zhang Hong'),('Z012990100930002','Z01299010093','PCCO','2014-10-25','Ding Pan'),('Z012990100940001','Z01299010094','PCCO','2014-08-07',''),('Z012990100940002','Z01299010094','PCCO','2014-08-07',''),('Z012990100960001','Z01299010096','PCCO','2014-10-01',''),('Z012990101130001','Z01299010113','PCCO','2015-01-19','Vương Nhựt Huy'),('Z012990101130003','Z01299010113','DVC','2015-03-23','Nguyễn Thị Hồng Khanh'),('Z012990101130004','Z01299010113','DVG','2015-03-23','Phạm Duy Phong'),('Z012990101130005','Z01299010113','PCCO','2015-03-23','Szu Szu'),('Z012990101130006','Z01299010113','DVG','2015-03-23','Lê Tuyết Kỳ Kỳ'),('Z012990101150001','Z01299010115','PCCO','2015-01-23','Bernie');
/*!40000 ALTER TABLE `itdevice` ENABLE KEYS */;
UNLOCK TABLES;

--
-- Table structure for table `material`
--

DROP TABLE IF EXISTS `material`;
/*!40101 SET @saved_cs_client     = @@character_set_client */;
/*!40101 SET character_set_client = utf8 */;
CREATE TABLE `material` (
  `material_id` varchar(45) COLLATE utf8_unicode_ci NOT NULL,
  `materialname` varchar(200) CHARACTER SET utf8 DEFAULT NULL,
  `type_id` varchar(5) COLLATE utf8_unicode_ci DEFAULT NULL,
  PRIMARY KEY (`material_id`),
  KEY `type_idx` (`type_id`),
  CONSTRAINT `type` FOREIGN KEY (`type_id`) REFERENCES `type` (`type_id`) ON DELETE NO ACTION ON UPDATE NO ACTION
) ENGINE=InnoDB DEFAULT CHARSET=utf8 COLLATE=utf8_unicode_ci;
/*!40101 SET character_set_client = @saved_cs_client */;

--
-- Dumping data for table `material`
--

LOCK TABLES `material` WRITE;
/*!40000 ALTER TABLE `material` DISABLE KEYS */;
INSERT INTO `material` VALUES ('Z01201003000','ACER TRAVELMATE TM4740 CORE I3-380M NOTEBOOK','LA'),('Z01201004000','ACER AS4750-2312G50Mnkk CORE I3-2310M NOTEBOOK','LA'),('Z01201005000','Upgrade 3 Years Warranty for Acer','OT'),('Z01201005001','Thi công hệ thống máy chủ,điện thoại','OT'),('Z01201006000','Win Pro 7 SP1 32-bit English pk DSP OEI DVD(FQC-04696)','OT'),('Z01201008000','LAPTOP ACER 4755G','LA'),('Z01201008001','Laptop ACER AS E1-432-29552G50Dnkk (14\")','LA'),('Z01202047001','INTER,Duo Core E5700 3.0GHZ,P5KPL,2G,500G(Sata)','PC'),('Z01202048000','INTEL Duo Core E5700 3.0GHZ P5G41T-MLX 2G 500G(Sata)','PC'),('Z01202049000','Intel P5G41T-M LX P4 Core2 Duo E7500(2.93Ghz) 2*2G GIGA VGA 500G(sata)','PC'),('Z01202052001','INTEL Core I3-2100(3.1GHZ)-3M,P8H67-V,2*4G,2TB(Sata)','PC'),('Z01202053001','Intel P5G41T-M LX P4 Core2 Duo E7500(2.93Ghz) 4G 2*1Tb(sata)','PC'),('Z01202054001','Acer Desktop Veriton M490 PC','PC'),('Z01202054002','Desktop Acer Veriton M480','PC'),('Z01202055001','Acer Desktop Veriton M4610G PC','PC'),('Z01202055002','Phan mem may vi tinh','OT'),('Z01203010002','Máy tính để bàn ACER VERITION M2610G','PC'),('Z01203010003','TBL Power Series Design MB Asus H81M-D Intel G3420','PC'),('Z01203010004','Asus H81 MD Intel G3440','PC'),('Z01203010005','Asus H81 MD Design intel CoreTM i3-4150 Processor (3M Cache, 3.50 GHz)','PC'),('Z01203012001','BENQ G702AD LCD 17\" MONITOR','MO'),('Z01203017000','ACER G195HQV 18.5\" LCD MONITOR','MO'),('Z01203017001','ACER 193HQV 18.5\" LCD MONITOR','MO'),('Z01203017002','LCD ACER 18.5\'\' P196HQV','MO'),('Z01203017003','ACER LCD 18.5\"-V193HQL : MONITOR','MO'),('Z01203017004','ACER LCD 22\'-S220 HQL; MÀN HÌNH VI TÍNH 22\'-S220 HQL','MO'),('Z01203017005','ACER LCD 22\'\'-K222 HQL','MO'),('Z01203017006','Asus VE247H 24- Inch Full-HD LED Backlight LCD Monitor','MO'),('Z01203018000','ASUS VS248H 24\" LCD MONITOR','MO'),('Z01203018001','ASUS VN247H 23.6\" LCD MONITOR','MO'),('Z01204015001','ASUS - VE247H BK Monitor','MO'),('Z01204023001','Monitor: Acer LCD 18.5\" - V 195 HQL','MO'),('Z01204023002','Destop Acer Veriton M2610G (CPU :G645  Ram :2Gb  HDD:500Gb ','PC'),('Z01204023003','Máy chủ CPU-M2611G','PC'),('Z01204023004','Monitor : Acer LCD 18.5\" G196HQL','MO'),('Z01204023005','DESTOP ACER VM 2631','PC'),('Z01204023006','Màn hình Acer LCD 18.5\" V196 HQL','MO'),('Z01204023007','Máy chủ','OT'),('Z01204023008','Nguồn điện','OT'),('Z01204023009','Nguồn AV','OT'),('Z01204023010','Thiết bị điều khiển màn chiếu','OT'),('Z01204023012','Đầu thu KTS (HDD 3 TB)','OT'),('Z01204023013','Tủ 42U','OT'),('Z01204023015','Màn chiếu 6M*4.5M','OT'),('Z01204023018','Microphone không dây','OT'),('Z01204023019','Loa 250W','OT'),('Z01204023020','Ampli 400W','OT'),('Z01204023021','Ampli USB 120W  MX-120U','OT'),('Z01205008000','MÁY CHỤP HÌNH CANON A800 SILVER','CA'),('Z01205008003','phần mềm Costing(HD số:TU-20130415)','OT'),('Z01205008005','Máy chụp hình SONY CYBER SHOT DSC-W530','CA'),('Z01205008010','CorelDRAW Graphics Suite X7 DVD Box EN (Hard Back Book)','OT'),('Z01205008011','KEYCREATOR SB V12.02 w/o AUC','OT'),('Z01205008012','MÁY CHỤP HÌNH CANON IXUS 145','CA'),('Z01205008013','CANON EOS 700D 18MP Lens kit 18-55mm IS STM','CA'),('Z01205008014','CorelDRAW Graphics Suite X7 License (min 5 licenses)','OT'),('Z01205010001','MÁY QUAY PHIM SONY HDR-XR 260','CA'),('Z01205020002','Máy chụp ảnh  Canon SX60 HS','CA'),('Z01206008000','EPSON LASER N2500 Printer','PR'),('Z01206033000','HP DESKJET 2000 PRINTER','PR'),('Z01206035000','HP DESIGNJET T790 44-IN(CR649A) PRINTER','PR'),('Z01206037008','HP . M401N  PRINTER','PR'),('Z01206038001','HP LaserJet P2035n printer','PR'),('Z01206038002','HP LaserJet M706n printer','PR'),('Z01206039001','EPSON LQ-2090 PRINTER','PR'),('Z01206039002','EPSON LQ-2190 PRINTER','PR'),('Z01206039003','LASERJET PRO HP CP1525NW A4 COLOUR LASER PRINTER','PR'),('Z01210003003','Logitech Wireless Headset H600','OT'),('Z01214003001','D-Link DWA-525 Wireless Card','WL'),('Z01216012001','NOTEBOOK ASUS A556UR','LA'),('Z01216020001','HDD 1TB SEAGATE SATA','OT'),('Z01217007000','ASUS DVD-ROM','OT'),('Z01217007001','PC ASUS D320MT-0G44000310','PC'),('Z01220003001','HP 5120-24G SI SWITCH PART (JE074A)','SW'),('Z01220014000','D_LINK 8 PORT SWITCH','SW'),('Z01220015000','HP V1700-24 SWITCH','SW'),('Z01220017000','D_LINK 16 PORT SWITCH','SW'),('Z01221007000','DRAYTEK V2910G VPN ROUTER WIRELESS','OT'),('Z01223002001','D-Link DES-1210-08P','WF'),('Z01224005001','Linksys E1000 Wireless N Router','WF'),('Z01224005002','SET TOP BOX','OT'),('Z01224005003','Linksys E4200','OT'),('Z01224005006','SX20 Quick Set HD NPP 12xPHDCam 1 mic remote cntrl (CTS-SX20-PHD12X-K9)','OT'),('Z01224006001','Linksys E1200 Wireless N Router','WF'),('Z01229005001','PANASONIC PT-VX42Z','PJ'),('Z01229007001','SONY VPL-EX145 PROJECTOR','PJ'),('Z01229007002','Máy chiếu  SONY VPL-EX175','PJ'),('Z01229007004','Máy chiếu Sony HDR-PJ340E','PJ'),('Z01229007005','Máy chiếu TOSHIBA 3000ANSI  Lumens XGA (1024*768)','PJ'),('Z01229007006','Máy chiếu Panasonic PT-VX510EA XGA (1024x768)','PJ'),('Z01229007007','Máy chiếu Epson EB-X18 XGA 3000 Lumens Portable 3LCD','PJ'),('Z01234001000','SANTAK TG500 OFFLINE','UP'),('Z01234006000','SANTAK TG1000 OFFLINE','UP'),('Z01234009000','SANTAK 6KVA ONLINE','UP'),('Z01234009001','Secure Services Gateway 350 System (SSG-350M-SH)','OT'),('Z01234009003','DS110J Nas Sysnology 支援ISCSI  Cat 6e & Oracle DB','OT'),('Z01234009004','SANTAK 10 KVA UP3','UP'),('Z01234009005','Thi công hệ thống camera','OT'),('Z01234009006','SSG-5-SH Secure Services Gateway 5 with RS-232 Aux backup, 256 MB memory','OT'),('Z01234009008','HỆ THỐNG CHUYỂN ĐỘNG CỬA CHÍNH','OT'),('Z01234009009','Hệ thống chống trộm PCC','OT'),('Z01234009011','Hệ thống mở cửa bằng vân tay','OT'),('Z01234011000','Thiết Bị bảo mật & diệt virus forti mail 400C','OT'),('Z01234011001','Phần mềm quản lý mạng SSG 350M','OT'),('Z01234011002','Thiết bị bảo hành và thay mới phần miềm FortiMail 400C Bundle Renewal','OT'),('Z01234011007','Phần mềm AutoCAD','OT'),('Z01234011009','Software Solidworks Professional 2015','OT'),('Z01234011010','Solidview Pro 2016-single user','OT'),('Z01234011011','Fortimail FML-400C License','OT'),('Z01234012001','UPS ARES 650VA','UP'),('Z01236002001','IBM  SERVER X3650 M4','SV'),('Z01236002002','IBM SERVER RAID CẢD M5015 SAS','SV'),('Z01236004001','HP E2510-24 Switch (J9019B)','SW'),('Z01236004002','HP ProCurve 2910al-24G Switch (J9145A)','SW'),('Z01236008001','IBM SERVER X3250 M3 (RACK 1U)','SV'),('Z01236009001','IBM SYSTEM X3650 M3 (RACK 2U)','SV'),('Z01236010001','Acer Server Tower 1 Way','SV'),('Z01236010002','CPU MÁY TÍNH ACER VERITON M2611G I5-3470','PC'),('Z01236010003','MÀN HÌNH MÁY TÍNH ASUSC LCD 24\'\' VN 247 H','MO'),('Z01236010004','CPU TBL Power Series Design H81-MD-Core i 5','PC'),('Z01236010005','MÀN HÌNH LCD 55\" (Bright 700°)','TV'),('Z01236010007','PC ACER VERTION X2631G  \" Small case\" ( intel G3220 - 2GB DDRIII 1066 HDD 500 GB- DVD ROM, Mouse & keyboard MK220, graphic card 1GB)','PC'),('Z01236010011','Sony KDL -55W800B-LCD TV','TV'),('Z01236011001','Thi công hệ thống camera','OT'),('Z01236012001','IBM Server Tower x3100 M4','SV'),('Z01238001003','RACK 42U 19\"','OT'),('Z01238001004','TỦ RACK 20U 19\"','OT'),('Z01238003001','RACK CABLINET( WALL MOUNT 6U)','OT'),('Z01239002001','MÁY CHIẾU ĐIỆN 170\" (120\"*120\")','OT'),('Z01239005001','PROJECTION SCREEN 96\"x96\"','OT'),('Z01241004002','Máy ảnh Canon SX 610HS','CA'),('Z01241009009','Bộ cấp nguồn qua mạng POE 8 PORT','WF'),('Z01241009010','機櫃 19\" AMPC NETWORKS CABINET 42U, W=600，H=2000，D=800','OT'),('Z01241009011','機櫃 19\" CABINET 27U, W=600，D=800','OT'),('Z01241009014','LÀM LẠI ĐƯỜNG DÂY 10 CAMERA MẤT HÌNH ( TRẢNG BÀNG) HỢP ĐỒNG SỐ: 140325/HD','OT'),('Z01241009018','Camera quan sát SpeedDone','CC'),('Z01241009020','VERTEX cabinet –VA7 324P – 24 cabinets (440W x 222D x642H)','OT'),('Z01241009021','Microsoft Surface Pro 3 (intel Core i5 4300U, 4GB RAM, 128GB SSD, 12 inch, Windows 8.1 Pro)','PC'),('Z01241012002','Chân đếFotomate PT43-1350MM','OT'),('Z01241014002','Camera Nikon D3200 Kit 18-55','CA'),('Z01242002001','MOSA 4616  16 PORTS BASE UNIT GATEWAY','OT'),('Z01243008002','3D PDF CONVERTER TM 3.5 SUITE NEW','OT'),('Z01245002005','CISCO LINKSYS EA 4500','OT'),('Z01245003001','KVM SWITCH 4 PORT ATEN','OT'),('Z01249001003','Dell PowerEdge R210 II - 1U Rack Chassis','OT'),('Z01250002001','Vigorpro 5510 ( Vigorpro Firewall )','OT'),('Z01250003001','Vigorpro 200B','OT'),('Z01299006000','Microsoft WinSvrEnt 2008R2 SNGL OLP NL','OT'),('Z01299008000','Microsoft SQLSvrStd 2008R2 SNGL OLP NL','OT'),('Z01299010001','ExchgSvrStd 2010 SNGL OLP NL (312-04048)','OT'),('Z01299010005','May In HP Officejet 6000','PR'),('Z01299010006','May In Epson L200  (Prin ,Scan,Copy)','PR'),('Z01299010010','Công trình máy lạnh','OT'),('Z01299010011','24.8吋 LCD；Man Hinh LCD','MO'),('Z01299010014','Công trình lắp đặt hệ thống camera (HĐ: KH - 20120531-01)','OT'),('Z01299010015','Công trình cáp mạng (HĐ:TBLCSS20120810)','OT'),('Z01299010016','Công trình cáp quang & thiết bị (HĐ:TBLCSS20120726)','OT'),('Z01299010017','Công trình cáp mạng & lắp đặt thiết bị (HĐ:TBLCSS20120810-01)','OT'),('Z01299010018','QNO FQR 7204','OT'),('Z01299010020','Công trình lắp đặt hệ thống camera (HĐ: KH - 20120531)','OT'),('Z01299010021','Hệ thống kiểm soát ra(HĐ:TBLCSS201207)','OT'),('Z01299010023','AutoCAD LT 2013 commercial New SLM','SO'),('Z01299010024','Hệ thồng hút gió chuyền dán đế (01-12/HĐKT/QT-CS-2012)','OT'),('Z01299010025','Điện thoại dung trong hội nghị','OT'),('Z01299010026','Máy in HP Laser M251nw','PR'),('Z01299010036','MÁy chụp hình  Canon powershot A2500 silver','CA'),('Z01299010043','Máy in tem ARGOX - X3200(300DPI)','PR'),('Z01299010044','MÁY KEN TEM Argox AS-9500(ZD)','SC'),('Z01299010047','TIVI TOSHIBA 46\' 46P*200V','TV'),('Z01299010048','MÁY TÍNH MINI ZOTAC ID(RAM 2GB, Ổ CỨNG 64GB)','PC'),('Z01299010049','WIFI AP Wireless Linksys','WF'),('Z01299010050','Server IBM *3650 M4 7915CZA','SV'),('Z01299010051','Switch Gsco 24 portc SG92-24','SW'),('Z01299010053','ACER VERITON M2611G I5-3470 8GB RAM','PC'),('Z01299010055','Máy in PIXMA MP237','PR'),('Z01299010058','TỦ Cabinet (V- Series Server Cabinet 42U 600*1000)','OT'),('Z01299010059','Ngăn tủ Cabinet cố định (Fix Shelt Depth 850)','OT'),('Z01299010060','Ngăn tủ Cabinet chuyển động (Slide Sheelf depth 850)','OT'),('Z01299010061','Ổ cứng (HDD 3 TB WD My Book Essential 3.5\' USB 3.0)','OT'),('Z01299010062','TS-1679U - RP','OT'),('Z01299010065','HP 1910 16G','SW'),('Z01299010066','KX - TDA 0410','OT'),('Z01299010068','Convertor 10/100 Base Mutilmode','OT'),('Z01299010072','Phần mềm Rhino V5','OT'),('Z01299010073','Phần mềm Key creator SBV11.5 With AUC','SO'),('Z01299010074','HITACHI  CP- DX 300  PROJECTOR','PJ'),('Z01299010077','CorelDRAW Graphics Suite X6 （BOX ENG）','OT'),('Z01299010079','KIT CPU E5507 & CPU E5507','OT'),('Z01299010081','Máy Scan BHT-1261QWB-CE','SC'),('Z01299010088','KÍNH HIỂN VI MICROSCOPE THB-500X','OT'),('Z01299010089','VIDEO TO VGA CONVERTER FLY7503M','OT'),('Z01299010090','MICRO FOOT VERTICAL STAND VOTEX NB-200','OT'),('Z01299010091','Loa Logitech LS21 2.1 stereo speaker Stytem','SP'),('Z01299010092','Đầu in máy in mã vạch INTERMEC PM4I 203DPI','OT'),('Z01299010093','ACER VERITON M4620G I5 3470 4GB 3.2GHZ','PC'),('Z01299010094','TIVI LED PANASONIC TH-42A-400V','TV'),('Z01299010096','Máy in  Label Printer TSC TTP 247 (203 DPI)','PR'),('Z01299010097','Cisco Catalyst 3750X 12 Port GE SFP IP Base','OT'),('Z01299010098','Cisco Catalyst 2960 - X 24 Gig E 4*1G SFP LAN','OT'),('Z01299010101','HP 1910 - 24G - PoE (170W)','OT'),('Z01299010102','HP 1910 - 24G Switch','SW'),('Z01299010104','Cisco 2500 Series Wireless Controller - 25','SW'),('Z01299010106','THIẾT BỊ QUẢN LÝ HÀNH VI NGƯỜI DÙNG INTERNET (300M)','OT'),('Z01299010113','ACER VERITON M4630G I5 4590','PC'),('Z01299010115','DOCK-TUAGUS ACP70USZ USB','OT'),('Z01299010116','BOSE soundTouch 30 – Wifi Speaker','OT'),('Z01299010122','KX - TDA 6178','OT'),('Z01299010126','Phần mềm Procam','OT'),('Z01299010128','Máy bộ Acer M4630G Intel core i3 Ram 4GB','PC'),('Z01299010129','Phần mềm ứng dụng ERP hệ thống quản lý dự toán','SO'),('Z01299010131','HP 1920 - 24G Switch','SW'),('Z01299010140','Hợp đồng công nghệ quản lý phục vụ hệ thống Line Plan  15060001','SO'),('Z01299010141','KTX TDA620-Khung-card TDA 620','OT'),('Z01299010149','PHẦN MỀM MÁY TÍNH 6.2','SO'),('Z01299010150','Wifi Cisco E1200','WF');
/*!40000 ALTER TABLE `material` ENABLE KEYS */;
UNLOCK TABLES;

--
-- Table structure for table `type`
--

DROP TABLE IF EXISTS `type`;
/*!40101 SET @saved_cs_client     = @@character_set_client */;
/*!40101 SET character_set_client = utf8 */;
CREATE TABLE `type` (
  `type_id` varchar(5) COLLATE utf8_unicode_ci NOT NULL,
  `typename` varchar(45) CHARACTER SET utf8 NOT NULL,
  PRIMARY KEY (`type_id`)
) ENGINE=InnoDB DEFAULT CHARSET=utf8 COLLATE=utf8_unicode_ci;
/*!40101 SET character_set_client = @saved_cs_client */;

--
-- Dumping data for table `type`
--

LOCK TABLES `type` WRITE;
/*!40000 ALTER TABLE `type` DISABLE KEYS */;
INSERT INTO `type` VALUES ('CA','Camera'),('CC','CCTV'),('LA','Laptop'),('MO','Monitor'),('OT','Other'),('PC','PC'),('PJ','Projector'),('PR','Printer'),('SC','Scan'),('SO','Software '),('SP','Speaker'),('SV','Server'),('SW','Switch'),('TV','TV'),('UP','UPS'),('WF','WIFI'),('WL','Wireless Card');
/*!40000 ALTER TABLE `type` ENABLE KEYS */;
UNLOCK TABLES;

--
-- Table structure for table `user_action`
--

DROP TABLE IF EXISTS `user_action`;
/*!40101 SET @saved_cs_client     = @@character_set_client */;
/*!40101 SET character_set_client = utf8 */;
CREATE TABLE `user_action` (
  `action_id` smallint(5) NOT NULL,
  `action_name` varchar(45) COLLATE utf8_unicode_ci NOT NULL,
  PRIMARY KEY (`action_id`)
) ENGINE=InnoDB DEFAULT CHARSET=utf8 COLLATE=utf8_unicode_ci;
/*!40101 SET character_set_client = @saved_cs_client */;

--
-- Dumping data for table `user_action`
--

LOCK TABLES `user_action` WRITE;
/*!40000 ALTER TABLE `user_action` DISABLE KEYS */;
INSERT INTO `user_action` VALUES (0,'Insert'),(1,'Update'),(2,'Delete');
/*!40000 ALTER TABLE `user_action` ENABLE KEYS */;
UNLOCK TABLES;

--
-- Dumping routines for database 'fixed_assets'
--
/*!40103 SET TIME_ZONE=@OLD_TIME_ZONE */;

/*!40101 SET SQL_MODE=@OLD_SQL_MODE */;
/*!40014 SET FOREIGN_KEY_CHECKS=@OLD_FOREIGN_KEY_CHECKS */;
/*!40014 SET UNIQUE_CHECKS=@OLD_UNIQUE_CHECKS */;
/*!40101 SET CHARACTER_SET_CLIENT=@OLD_CHARACTER_SET_CLIENT */;
/*!40101 SET CHARACTER_SET_RESULTS=@OLD_CHARACTER_SET_RESULTS */;
/*!40101 SET COLLATION_CONNECTION=@OLD_COLLATION_CONNECTION */;
/*!40111 SET SQL_NOTES=@OLD_SQL_NOTES */;

-- Dump completed on 2017-02-28 14:18:26
